,date,open,close,high,low,volume
0,2017-12-13,272.0,290.01,330.0,260.0,9565.16019
1,2017-12-14,290.01,272.4,302.72,252.0,9631.98382
2,2017-12-15,272.4,294.0,314.21,239.99,16579.78235
3,2017-12-16,294.0,293.97,305.0,285.0,9102.10005
4,2017-12-17,293.01,311.4,328.8,290.0,14682.26118
5,2017-12-18,311.23,352.0,360.96,277.0,17210.06137
6,2017-12-19,352.0,338.48,366.96,303.01,23190.32542
7,2017-12-20,336.05,302.7,357.0,260.0,31586.76711
8,2017-12-21,303.8,302.0,325.16,267.01,26212.1583
9,2017-12-22,303.0,250.99,315.0,177.58,81233.42425
10,2017-12-23,250.99,253.44,301.52,214.91,38709.14008
11,2017-12-24,253.44,262.9,277.0,220.03,33435.37202
12,2017-12-25,262.9,261.2,277.5,251.4,24415.6917
13,2017-12-26,261.17,277.98,282.82,258.0,21987.89021
14,2017-12-27,277.98,262.59,284.34,245.29,25036.78582
15,2017-12-28,262.61,244.68,266.7,222.03,34832.27138
16,2017-12-29,244.68,238.27,261.0,233.97,34985.03167
17,2017-12-30,238.27,206.03,244.0,193.2,52930.1782
18,2017-12-31,206.11,223.69,234.37,202.98,29739.10081
19,2018-01-01,223.69,222.61,231.19,212.74,20221.253
20,2018-01-02,222.62,247.33,256.49,222.62,63293.12934
21,2018-01-03,247.33,238.77,253.4,233.56,71369.27484
22,2018-01-04,238.89,233.0,240.0,219.38,78182.30493
23,2018-01-05,233.04,240.54,250.99,230.0,65010.14465
24,2018-01-06,240.95,275.28,315.0,238.73,100812.2137
25,2018-01-07,276.24,269.01,287.0,262.0,43811.61108
26,2018-01-08,269.01,252.65,271.82,212.74,76256.97086
27,2018-01-09,252.49,244.48,257.64,228.24,53921.90417
28,2018-01-10,244.56,247.63,248.99,225.05,70931.30085
29,2018-01-11,247.63,223.77,252.27,195.03,83842.47294
30,2018-01-12,223.76,233.11,240.45,213.01,45676.80703
31,2018-01-13,233.11,257.98,263.99,232.54,42811.12858
32,2018-01-14,257.98,234.12,271.64,222.0,62203.40257
33,2018-01-15,234.26,229.5,242.31,227.6,35755.94861
34,2018-01-16,229.5,179.28,242.0,135.67,150044.07322
35,2018-01-17,179.28,182.44,198.89,136.2,155640.00921
36,2018-01-18,183.45,186.14,202.19,170.5,98372.75595
37,2018-01-19,186.21,191.42,199.0,176.04,59369.45319
38,2018-01-20,191.44,210.4,215.0,190.67,59162.64755
39,2018-01-21,210.05,190.16,210.69,180.0,64817.00761
40,2018-01-22,190.52,178.0,195.0,163.44,60376.3605
41,2018-01-23,178.0,176.98,186.42,163.02,49510.38638
42,2018-01-24,176.94,180.89,186.3,171.58,43298.498
43,2018-01-25,180.83,179.59,186.0,175.58,39819.99079
44,2018-01-26,179.0,177.09,183.06,165.0,49473.65655
45,2018-01-27,175.73,182.1,184.0,173.0,31424.8731
46,2018-01-28,182.11,196.74,198.0,181.7,47275.56346
47,2018-01-29,196.74,181.5,197.19,180.01,36900.24385
48,2018-01-30,181.51,168.21,181.96,160.59,56599.48048
49,2018-01-31,168.1,165.19,169.31,157.5,37253.63137
50,2018-02-01,164.83,143.69,167.2,132.0,64818.91744
51,2018-02-02,144.04,131.68,147.0,108.52,124193.03592
52,2018-02-03,131.99,160.3,166.99,120.06,143242.70975
53,2018-02-04,160.86,147.09,174.75,138.0,300059.19271
54,2018-02-05,147.29,125.17,153.96,116.6,299970.42074
55,2018-02-06,125.17,141.0,147.0,106.5,393108.7479
56,2018-02-07,140.96,137.21,157.0,130.01,178588.57054
57,2018-02-08,137.97,142.37,143.5,137.2,3877.47235
58,2018-02-09,142.37,163.73,164.4,142.37,65205.08736
59,2018-02-10,163.74,154.65,169.0,146.01,133107.16189
60,2018-02-11,154.62,148.28,156.1,139.0,90638.82249
61,2018-02-12,148.28,161.49,163.75,146.04,92515.29686
62,2018-02-13,161.55,159.63,162.95,152.0,76565.21628
63,2018-02-14,159.45,212.25,218.6,158.94,734010.6511
64,2018-02-15,212.25,220.64,236.66,206.5,676400.69461
65,2018-02-16,220.64,228.08,235.58,208.56,408040.45123
66,2018-02-17,228.0,228.0,232.2,222.78,190064.55131
67,2018-02-18,228.08,213.66,231.39,210.1,302164.90588
68,2018-02-19,213.23,221.44,226.5,196.0,171716.19683
69,2018-02-20,221.44,228.51,254.8,221.0,534334.84146
70,2018-02-21,228.5,209.6,233.53,203.12,493443.00002
71,2018-02-22,209.6,192.61,222.0,188.0,396496.5489
72,2018-02-23,192.69,206.4,216.28,182.0,427034.15419
73,2018-02-24,206.38,206.5,219.0,192.3,326443.09261
74,2018-02-25,206.69,217.78,223.17,198.94,314689.26189
75,2018-02-26,218.16,218.5,232.3,214.43,408480.12476
76,2018-02-27,218.25,214.6,224.36,211.8,248945.78729
77,2018-02-28,214.94,201.86,223.71,201.5,185588.08799
78,2018-03-01,201.86,209.17,215.0,200.2,121521.21293
79,2018-03-02,209.14,212.8,214.47,203.43,89853.18198
80,2018-03-03,212.8,210.04,218.39,208.0,120120.98049
81,2018-03-04,210.0,213.19,215.34,204.5,67079.9353
82,2018-03-05,213.19,210.14,217.0,208.17,71680.40092
83,2018-03-06,210.03,196.24,210.49,191.31,130006.53725
84,2018-03-07,196.2,185.25,199.28,173.08,229372.21016
85,2018-03-08,185.33,175.24,187.5,173.69,160132.53652
86,2018-03-09,175.06,185.79,190.0,157.68,308773.92425
87,2018-03-10,185.88,176.74,194.99,174.48,187043.85418
88,2018-03-11,176.85,188.16,194.0,169.85,197705.66569
89,2018-03-12,188.16,177.8,192.88,173.58,142835.10745
90,2018-03-13,177.8,175.01,182.9,170.51,115964.95615
91,2018-03-14,175.38,160.15,177.52,156.5,151320.17882
92,2018-03-15,160.0,164.0,167.7,149.55,207428.04449
93,2018-03-16,164.0,164.1,171.6,157.5,113818.45328
94,2018-03-17,164.12,151.75,165.96,150.2,105128.93202
95,2018-03-18,151.7,153.5,158.0,136.86,241693.69755
96,2018-03-19,153.59,161.2,163.88,150.66,171855.32008
97,2018-03-20,161.18,168.24,174.0,155.41,125783.56494
98,2018-03-21,168.5,168.54,175.88,165.22,110902.81246
99,2018-03-22,168.43,163.65,172.64,159.51,100604.62741
100,2018-03-23,163.65,168.66,169.5,156.13,80739.90111
101,2018-03-24,168.97,158.92,169.74,157.73,73773.75243
102,2018-03-25,158.81,160.01,162.89,156.75,46203.18669
103,2018-03-26,160.0,147.83,161.06,141.56,99508.29226
104,2018-03-27,147.71,135.0,149.34,134.4,103463.3891
105,2018-03-28,135.0,131.22,139.75,130.1,83839.85944
106,2018-03-29,131.31,114.7,132.6,112.51,187392.76989
107,2018-03-30,114.55,118.35,126.45,109.77,252079.1424
108,2018-03-31,118.1,116.05,124.28,115.26,128237.7884
109,2018-04-01,116.05,114.74,118.38,109.03,113209.88408
110,2018-04-02,114.97,119.05,121.71,113.54,91168.44423
111,2018-04-03,119.03,134.04,137.25,118.0,139283.4273
112,2018-04-04,133.82,118.07,134.77,115.2,168974.9795
113,2018-04-05,118.01,118.26,122.5,113.63,125611.59831
114,2018-04-06,118.41,112.79,120.15,111.31,83137.97172
115,2018-04-07,112.7,115.8,119.72,112.19,73178.28817
116,2018-04-08,115.8,117.55,118.49,115.34,42540.37579
117,2018-04-09,117.8,114.79,122.99,112.48,98639.79044
118,2018-04-10,114.62,114.25,115.26,111.25,54554.53212
119,2018-04-11,114.25,118.4,119.59,112.92,62636.41007
120,2018-04-12,118.4,129.67,130.9,112.92,232191.22828
121,2018-04-13,129.62,125.1,133.98,123.55,187842.6214
122,2018-04-14,125.28,126.4,129.71,124.0,77108.42942
123,2018-04-15,126.4,132.45,132.99,126.4,61105.32594
124,2018-04-16,132.45,128.96,133.49,124.88,86544.7505
125,2018-04-17,128.76,132.09,140.5,128.73,165601.88021
126,2018-04-18,132.1,140.36,141.43,131.5,100942.78845
127,2018-04-19,140.36,146.71,147.48,138.51,97431.94319
128,2018-04-20,146.5,155.71,156.49,142.62,139102.83366
129,2018-04-21,155.5,148.4,156.94,139.8,150940.43752
130,2018-04-22,148.38,146.38,153.14,144.26,84286.7952
131,2018-04-23,146.38,152.56,153.67,145.8,73891.75771
132,2018-04-24,152.57,164.78,166.29,152.44,172718.06809
133,2018-04-25,164.23,144.75,164.79,141.85,192757.19523
134,2018-04-26,144.74,153.19,154.84,142.0,98478.86456
135,2018-04-27,153.19,144.9,153.8,144.44,95174.33853
136,2018-04-28,145.66,152.1,153.74,144.49,80642.67696
137,2018-04-29,151.89,153.5,156.87,148.0,93443.5302
138,2018-04-30,153.51,148.37,154.9,147.0,92445.57179
139,2018-05-01,148.36,148.29,148.89,142.44,88367.51511
140,2018-05-02,148.28,151.58,153.76,146.21,76486.25106
141,2018-05-03,151.58,161.38,165.04,150.0,190732.67746
142,2018-05-04,161.17,169.44,172.1,157.1,175174.34128
143,2018-05-05,169.2,179.04,184.67,168.13,226947.81755
144,2018-05-06,178.86,172.32,184.98,164.8,198191.57381
145,2018-05-07,172.1,164.59,172.81,157.3,170523.83579
146,2018-05-08,164.52,158.89,168.66,155.05,113315.93625
147,2018-05-09,159.0,156.72,160.32,150.0,96837.57036
148,2018-05-10,156.75,148.16,160.9,147.22,87015.41914
149,2018-05-11,148.11,136.32,148.5,132.97,147425.60375
150,2018-05-12,136.32,141.57,144.47,130.32,91975.31387
151,2018-05-13,141.43,144.24,146.89,136.1,89476.86723
152,2018-05-14,144.19,147.42,152.95,134.19,171489.17098
153,2018-05-15,147.1,139.35,149.67,136.91,105112.90271
154,2018-05-16,139.34,138.92,140.86,133.5,70852.18798
155,2018-05-17,138.91,132.31,141.5,131.0,58209.5848
156,2018-05-18,132.07,135.95,137.49,128.0,66556.79304
157,2018-05-19,135.95,134.95,137.77,132.6,37830.56861
158,2018-05-20,134.89,139.64,141.0,132.5,47003.82267
159,2018-05-21,139.63,134.25,140.25,133.43,43516.2189
160,2018-05-22,134.25,127.89,136.25,127.31,41745.53907
161,2018-05-23,127.9,118.37,129.35,115.83,107080.51483
162,2018-05-24,118.29,122.58,124.85,114.7,79220.48706
163,2018-05-25,122.65,118.87,124.58,116.63,98242.40331
164,2018-05-26,118.78,118.45,122.46,117.18,121594.2696
165,2018-05-27,118.35,117.71,119.0,116.58,119072.15578
166,2018-05-28,117.72,110.82,118.97,110.0,75142.06687
167,2018-05-29,110.66,119.28,122.71,109.41,70835.89135
168,2018-05-30,119.52,117.18,122.73,114.69,47541.06432
169,2018-05-31,117.18,118.25,121.01,116.04,55831.28616
170,2018-06-01,118.25,120.19,120.4,116.62,51605.41534
171,2018-06-02,120.19,123.44,124.5,118.66,45059.33298
172,2018-06-03,123.44,125.33,127.98,122.23,52884.48398
173,2018-06-04,125.07,119.77,127.01,118.0,59686.2455
174,2018-06-05,119.77,122.18,122.6,115.77,48879.6275
175,2018-06-06,122.2,121.61,122.94,118.0,36817.66091
176,2018-06-07,121.63,121.54,123.84,119.4,39573.29608
177,2018-06-08,121.56,119.68,122.18,118.04,28982.19754
178,2018-06-09,119.9,117.4,120.93,116.7,17060.66336
179,2018-06-10,117.25,106.48,117.47,102.75,88683.19352
180,2018-06-11,106.5,107.2,108.42,102.7,56836.22735
181,2018-06-12,107.2,99.68,107.86,94.05,73444.59887
182,2018-06-13,99.68,93.37,100.45,86.71,168148.05693
183,2018-06-14,93.4,100.88,102.87,91.65,177889.85806
184,2018-06-15,100.89,95.5,100.98,94.49,155895.24619
185,2018-06-16,95.5,96.66,97.58,92.68,130013.99526
186,2018-06-17,96.65,94.95,98.2,94.51,119733.09263
187,2018-06-18,94.95,98.7,99.88,92.89,161804.46253
188,2018-06-19,98.79,98.67,120.0,96.91,130065.51125
189,2018-06-20,98.67,97.72,99.13,95.21,141985.64173
190,2018-06-21,97.72,96.72,99.3,96.0,137564.825
191,2018-06-22,96.74,84.8,96.87,80.02,232108.91398
192,2018-06-23,84.75,82.73,86.77,81.31,165849.75562
193,2018-06-24,82.76,80.37,83.63,73.22,250304.81918
194,2018-06-25,80.46,81.48,84.38,78.55,164736.37327
195,2018-06-26,81.48,75.54,81.99,75.0,118123.18034
196,2018-06-27,75.63,80.6,81.75,74.87,139175.33409
197,2018-06-28,80.71,74.05,81.43,73.89,179829.06566
198,2018-06-29,74.24,78.94,80.79,72.15,182184.86448
199,2018-06-30,78.94,81.33,84.59,78.84,170407.29923
200,2018-07-01,81.34,79.95,81.83,77.73,145195.40481
201,2018-07-02,79.96,85.36,87.06,78.11,171028.13169
202,2018-07-03,85.36,85.09,90.0,83.64,192538.98749
203,2018-07-04,84.87,85.28,89.01,83.98,119209.87857
204,2018-07-05,85.23,83.33,87.11,81.77,170561.63319
205,2018-07-06,83.26,83.1,84.23,80.67,156241.98721
206,2018-07-07,83.1,84.79,85.35,79.4,161497.86946
207,2018-07-08,84.88,82.22,85.7,81.81,151162.89899
208,2018-07-09,82.26,80.46,83.12,79.8,164942.79095
209,2018-07-10,80.58,75.81,80.62,74.25,211707.97169
210,2018-07-11,75.79,78.18,80.98,75.31,192182.00671
211,2018-07-12,78.18,76.79,78.25,74.0,181966.74235
212,2018-07-13,76.82,76.53,78.6,74.96,167655.26932
213,2018-07-14,76.52,76.18,77.5,75.37,142798.45441
214,2018-07-15,76.19,78.54,79.5,75.1,149955.80081
215,2018-07-16,78.54,83.49,84.28,77.6,182917.22074
216,2018-07-17,83.65,89.06,90.0,81.3,204689.47756
217,2018-07-18,88.99,86.21,94.41,84.2,207474.92801
218,2018-07-19,86.26,86.0,89.0,84.8,154334.95177
219,2018-07-20,86.1,81.87,86.69,80.72,172067.63126
220,2018-07-21,81.84,83.44,84.93,79.5,134142.44869
221,2018-07-22,83.42,82.21,84.2,81.78,137457.8165
222,2018-07-23,82.2,81.38,85.96,81.1,143669.03549
223,2018-07-24,81.43,89.12,89.79,80.79,207891.17573
224,2018-07-25,89.02,86.38,90.75,84.81,164176.79921
225,2018-07-26,86.38,83.37,87.9,82.75,151787.8452
226,2018-07-27,83.51,84.39,85.12,81.37,158734.44422
227,2018-07-28,84.39,84.07,84.7,82.26,124974.4699
228,2018-07-29,84.1,83.85,85.38,83.22,119512.7544
229,2018-07-30,83.89,82.18,84.62,79.76,146947.05011
230,2018-07-31,82.16,78.69,82.63,76.02,157911.8041
231,2018-08-01,78.91,77.53,79.06,75.78,139634.79769
232,2018-08-02,77.62,76.11,78.46,75.33,134458.4997
233,2018-08-03,76.16,77.7,77.84,74.66,141502.8987
234,2018-08-04,77.63,73.13,78.15,72.1,148949.16457
235,2018-08-05,73.06,74.61,74.73,72.23,133945.84351
236,2018-08-06,74.6,73.62,76.7,72.35,137607.07273
237,2018-08-07,73.67,67.35,75.24,66.58,164019.46827
238,2018-08-08,67.32,62.13,67.49,60.8,185720.38797
239,2018-08-09,62.13,62.89,64.94,60.0,179209.22762
240,2018-08-10,62.84,59.16,63.14,58.12,181493.85537
241,2018-08-11,59.16,57.6,59.98,55.0,195460.35141
242,2018-08-12,57.73,59.32,61.55,57.02,173455.18347
243,2018-08-13,59.21,56.44,60.61,55.52,192384.17619
244,2018-08-14,56.5,54.24,56.5,49.2,230722.82945
245,2018-08-15,54.26,54.32,59.2,53.7,232565.44512
246,2018-08-16,54.32,55.29,57.58,54.06,153625.58485
247,2018-08-17,55.32,61.75,61.89,54.99,230326.37031
248,2018-08-18,61.79,57.04,62.31,55.12,205917.54266
249,2018-08-19,57.04,57.67,58.98,56.1,183235.7261
250,2018-08-20,57.79,53.39,58.5,53.18,220297.28735
251,2018-08-21,53.39,56.42,56.82,53.21,176189.09409
252,2018-08-22,56.43,55.14,59.75,53.82,243024.91246
253,2018-08-23,55.15,57.29,57.89,54.8,168194.87364
254,2018-08-24,57.3,57.82,58.36,55.5,162850.08326
255,2018-08-25,57.88,57.89,58.38,56.93,141200.40986
256,2018-08-26,57.88,56.99,58.08,55.74,149004.51461
257,2018-08-27,57.05,60.61,61.17,56.52,173547.49618
258,2018-08-28,60.69,63.13,63.74,59.65,213926.35247
259,2018-08-29,63.12,61.41,63.4,60.14,185484.94761
260,2018-08-30,61.52,60.23,61.65,58.55,179589.13646
261,2018-08-31,60.13,62.04,62.75,59.55,176396.73591
262,2018-09-01,62.04,66.49,67.93,61.97,210232.08113
263,2018-09-02,66.45,66.21,67.3,64.15,180336.18966
264,2018-09-03,66.21,65.44,66.55,64.21,162189.69577
265,2018-09-04,65.5,67.6,69.45,65.36,220730.4701
266,2018-09-05,67.63,57.82,68.36,57.61,331321.57394
267,2018-09-06,57.71,57.61,57.89,53.96,251529.33699
268,2018-09-07,57.61,55.66,58.53,55.0,193929.61889
269,2018-09-08,55.63,53.07,57.22,51.87,187659.63017
270,2018-09-09,53.09,54.74,56.72,52.2,208940.08803
271,2018-09-10,54.79,54.34,56.59,53.03,226840.05414
272,2018-09-11,54.34,52.04,54.75,49.74,239830.95074
273,2018-09-12,52.01,51.69,52.14,47.21,276375.64336
274,2018-09-13,51.69,54.44,55.49,51.66,232884.22924
275,2018-09-14,54.49,56.24,59.0,52.83,279002.97525
276,2018-09-15,56.21,56.22,58.73,55.61,236098.10118
277,2018-09-16,56.22,56.75,57.55,54.35,193175.78497
278,2018-09-17,56.75,52.07,57.85,51.37,256476.30399
279,2018-09-18,52.06,53.96,55.52,50.41,224751.4303
280,2018-09-19,53.93,54.27,55.28,51.62,228844.25202
281,2018-09-20,54.33,56.53,57.42,53.28,194009.04757
282,2018-09-21,56.52,60.83,62.73,56.33,323523.44211
283,2018-09-22,60.82,60.65,61.9,58.0,210861.69481
284,2018-09-23,60.58,61.38,63.82,59.86,244808.34389
285,2018-09-24,61.36,58.01,61.56,57.02,231626.38896
286,2018-09-25,58.03,57.61,58.16,54.25,279946.32153
287,2018-09-26,57.57,57.18,59.85,56.4,226177.44005
288,2018-09-27,57.25,63.28,65.67,56.58,496070.9006
289,2018-09-28,63.25,61.95,65.0,60.14,306042.00886
290,2018-09-29,61.95,61.61,62.34,58.95,206352.47293
291,2018-09-30,61.61,61.21,63.0,59.81,224746.26092
292,2018-10-01,61.19,60.45,62.09,59.51,189136.61486
293,2018-10-02,60.47,59.46,61.8,59.02,190207.92017
294,2018-10-03,59.42,57.56,59.66,56.67,199293.42312
295,2018-10-04,57.6,58.42,59.4,57.39,164171.36993
296,2018-10-05,58.43,58.93,59.85,57.65,152016.10897
297,2018-10-06,58.88,57.96,59.17,56.92,146487.74108
298,2018-10-07,57.98,58.33,58.64,56.88,137742.58904
299,2018-10-08,58.32,59.66,60.26,57.63,178247.28353
300,2018-10-09,59.65,59.03,59.84,58.29,156778.85225
301,2018-10-10,59.02,58.46,59.18,57.37,156144.05481
302,2018-10-11,58.43,51.36,58.66,50.62,269784.69405
303,2018-10-12,51.31,53.74,54.26,50.87,204719.86413
304,2018-10-13,53.7,54.05,54.88,53.2,162360.69862
305,2018-10-14,54.06,52.61,54.44,52.11,173244.35474
306,2018-10-15,52.61,56.16,61.86,52.17,380967.73216
307,2018-10-16,56.15,55.54,57.34,54.71,178767.67022
308,2018-10-17,55.54,55.27,55.72,54.32,189501.34735
309,2018-10-18,55.31,53.53,55.85,53.0,163778.72064
310,2018-10-19,53.53,53.71,54.74,53.31,131153.05917
311,2018-10-20,53.68,54.28,54.65,53.28,134248.62479
312,2018-10-21,54.27,53.61,54.9,53.44,139868.39748
313,2018-10-22,53.62,53.12,54.16,52.67,113096.19471
314,2018-10-23,53.12,53.33,53.97,52.53,56502.9476
315,2018-10-24,53.34,53.11,53.92,53.0,50279.98528
316,2018-10-25,53.12,52.84,53.27,52.52,43215.95472
317,2018-10-26,52.81,52.56,53.55,52.23,49669.65386
318,2018-10-27,52.6,52.25,53.08,51.72,39585.13085
319,2018-10-28,52.25,52.07,52.66,51.7,35288.39702
320,2018-10-29,52.1,49.21,52.26,48.17,93056.55633
321,2018-10-30,49.16,49.34,49.96,49.02,41869.78433
322,2018-10-31,49.35,49.93,50.71,47.71,59069.9364
323,2018-11-01,49.94,50.61,50.85,49.78,40743.54904
324,2018-11-02,50.63,51.78,52.2,50.56,55439.54227
325,2018-11-03,51.78,51.04,51.81,50.6,44526.44126
326,2018-11-04,51.09,54.6,56.33,50.77,131563.2191
327,2018-11-05,54.6,53.91,55.15,53.01,71425.68187
328,2018-11-06,53.93,56.48,56.88,53.87,82733.19375
329,2018-11-07,56.44,54.47,56.92,53.52,96697.10571
330,2018-11-08,54.49,52.72,55.12,52.42,71785.25117
331,2018-11-09,52.7,52.25,53.15,51.62,54807.00008
332,2018-11-10,52.28,52.48,53.08,51.97,37947.99062
333,2018-11-11,52.47,51.46,52.57,49.79,66550.49463
334,2018-11-12,51.5,51.26,52.04,50.59,60038.96458
335,2018-11-13,51.26,50.43,51.66,49.6,63966.88343
336,2018-11-14,50.41,45.05,51.08,42.0,307943.67228
337,2018-11-15,45.05,44.78,45.8,40.4,239147.14363
338,2018-11-16,44.78,42.89,44.95,42.38,126959.9343
339,2018-11-17,42.89,42.43,42.94,41.92,64923.26975
340,2018-11-18,42.46,42.61,43.84,42.11,69727.51818
341,2018-11-19,42.63,37.07,42.65,35.94,266627.8181
342,2018-11-20,37.11,33.8,38.8,31.47,481972.20552
343,2018-11-21,33.71,35.15,35.38,32.17,307689.28614
344,2018-11-22,35.17,32.11,35.68,31.84,140470.92969
345,2018-11-23,32.09,32.74,33.81,31.1,178263.37599
346,2018-11-24,32.74,29.73,34.3,29.07,175080.65021
347,2018-11-25,29.72,31.49,32.93,27.7,330712.41278
348,2018-11-26,31.51,30.18,32.88,28.66,346086.77239
349,2018-11-27,30.18,31.61,32.16,29.05,194024.5309
350,2018-11-28,31.62,34.74,36.51,31.39,261988.56211
351,2018-11-29,34.74,33.88,36.0,33.08,206424.03941
352,2018-11-30,33.9,32.21,34.53,31.07,182324.55561
353,2018-12-01,32.19,34.17,35.1,31.38,130601.17527
354,2018-12-02,34.11,33.82,35.24,33.21,126562.51308
355,2018-12-03,33.81,30.9,33.97,30.08,160953.47619
356,2018-12-04,30.92,31.13,32.25,29.87,125624.10065
357,2018-12-05,31.14,29.27,31.4,29.15,122536.95919
358,2018-12-06,29.28,26.78,30.49,26.25,186020.5287
359,2018-12-07,26.74,24.91,26.94,22.32,344334.77132
360,2018-12-08,24.88,24.22,26.63,22.89,272026.24012
361,2018-12-09,24.23,25.37,26.75,24.2,185392.27774
362,2018-12-10,25.37,24.14,25.82,23.67,159523.3339
363,2018-12-11,24.15,23.41,24.63,22.94,116912.31068
364,2018-12-12,23.4,24.13,24.98,23.2,116697.01621
365,2018-12-13,24.13,23.08,24.29,22.91,101343.24553
366,2018-12-14,23.06,23.34,23.76,22.5,115451.19357
367,2018-12-15,23.33,23.6,24.06,23.09,114346.73652
368,2018-12-16,23.59,25.52,26.96,23.48,284638.36643
369,2018-12-17,25.51,28.95,30.3,25.43,415677.55009
370,2018-12-18,28.97,29.89,30.15,27.39,241540.21994
371,2018-12-19,29.89,28.83,31.55,28.51,464104.88134
372,2018-12-20,28.83,32.18,32.76,28.52,347428.50187
373,2018-12-21,32.18,30.29,32.87,29.55,222927.66345
374,2018-12-22,30.29,31.33,31.49,29.7,106033.33577
375,2018-12-23,31.29,32.97,33.84,31.09,255561.72891
376,2018-12-24,32.98,32.68,36.12,32.17,305504.74498
377,2018-12-25,32.69,30.5,32.93,29.19,248993.55556
378,2018-12-26,30.5,30.3,31.68,28.79,174048.04136
379,2018-12-27,30.27,27.55,30.89,27.17,157817.22611
380,2018-12-28,27.55,31.8,33.08,27.39,242123.8975
381,2018-12-29,31.78,30.28,32.81,29.91,222196.85698
382,2018-12-30,30.28,31.38,32.0,29.68,151572.93045
383,2018-12-31,31.38,29.9,31.43,29.42,97446.11241
384,2019-01-01,29.92,31.48,31.8,29.56,103182.73765
385,2019-01-02,31.47,32.67,33.29,31.07,118306.23317
386,2019-01-03,32.68,31.39,32.8,30.62,94129.85114
387,2019-01-04,31.41,31.76,32.53,30.78,108636.82193
388,2019-01-05,31.76,34.33,35.95,31.76,335581.55848
389,2019-01-06,34.33,38.3,39.71,33.89,761396.10676
390,2019-01-07,38.29,37.35,39.04,36.53,444975.92431
391,2019-01-08,37.35,38.7,40.8,36.91,522510.17142
392,2019-01-09,38.7,38.17,39.72,38.0,312030.13021
393,2019-01-10,38.17,32.81,38.77,31.0,584622.4539
394,2019-01-11,32.81,31.49,33.22,29.68,351182.38165
395,2019-01-12,31.48,31.65,32.13,31.07,178476.28718
396,2019-01-13,31.65,29.59,32.63,29.12,229264.11927
397,2019-01-14,29.6,31.71,32.5,29.38,255282.35801
398,2019-01-15,31.72,30.75,32.27,29.95,216841.86085
399,2019-01-16,30.74,31.29,31.93,30.47,153939.59622
400,2019-01-17,31.29,31.4,31.55,29.8,203218.00286
401,2019-01-18,31.38,30.77,31.53,30.31,150711.34444
402,2019-01-19,30.78,32.0,32.92,30.77,164989.63668
403,2019-01-20,31.94,30.64,33.2,28.45,249450.00408
404,2019-01-21,30.63,30.82,31.22,30.34,110305.75866
405,2019-01-22,30.82,31.41,32.0,29.48,199887.16257
406,2019-01-23,31.4,31.69,32.18,31.24,123577.27232
407,2019-01-24,31.69,32.51,33.1,30.89,138812.16216
408,2019-01-25,32.52,32.69,33.0,31.87,169242.53382
409,2019-01-26,32.68,32.8,33.95,32.57,166677.42808
410,2019-01-27,32.79,32.21,33.2,31.05,173697.81998
411,2019-01-28,32.22,30.94,32.53,30.0,267887.62942
412,2019-01-29,30.94,30.81,31.26,29.91,135879.8588
413,2019-01-30,30.8,31.68,31.97,30.47,129114.99705
414,2019-01-31,31.68,31.41,32.33,31.08,154708.17427
415,2019-02-01,31.43,32.65,33.64,30.7,335544.96445
416,2019-02-02,32.61,34.59,35.01,32.44,268052.52354
417,2019-02-03,34.59,33.44,34.89,32.86,348406.73224
418,2019-02-04,33.43,34.09,34.5,33.36,206649.66902
419,2019-02-05,34.08,34.34,34.54,33.63,214319.34235
420,2019-02-06,34.35,32.79,34.5,32.25,312456.54201
421,2019-02-07,32.78,33.24,33.61,32.73,144528.08084
422,2019-02-08,33.23,42.99,44.85,32.75,1237384.07012
423,2019-02-09,42.99,44.68,46.95,42.05,993529.35851
424,2019-02-10,44.68,46.79,47.59,42.0,667594.46229
425,2019-02-11,46.8,42.9,46.87,41.81,570398.48991
426,2019-02-12,42.88,43.89,44.57,41.84,326731.55801
427,2019-02-13,43.89,41.61,44.66,40.64,333914.84326
428,2019-02-14,41.61,41.26,42.45,40.31,285144.93739
429,2019-02-15,41.26,42.58,44.6,41.06,389950.95213
430,2019-02-16,42.6,43.34,44.37,42.28,326691.70793
431,2019-02-17,43.34,43.91,45.13,42.6,331698.79603
432,2019-02-18,43.89,47.84,49.03,43.62,744029.87121
433,2019-02-19,47.81,47.14,49.1,46.56,404786.75784
434,2019-02-20,47.16,51.5,52.21,46.25,566874.12073
435,2019-02-21,51.47,48.94,51.65,47.35,383781.90032
436,2019-02-22,48.93,49.19,49.97,48.08,265979.43489
437,2019-02-23,49.22,51.4,51.88,48.0,411115.3383
438,2019-02-24,51.39,43.75,53.53,42.37,685277.01608
439,2019-02-25,43.74,45.4,46.85,43.0,377273.17275
440,2019-02-26,45.4,44.76,45.89,44.06,220101.55494
441,2019-02-27,44.77,45.16,45.53,42.51,223940.94505
442,2019-02-28,45.15,45.61,46.7,44.44,258562.96779
443,2019-03-01,45.62,47.05,48.95,45.53,336011.92294
444,2019-03-02,47.02,48.49,49.4,46.38,325733.94735
445,2019-03-03,48.51,47.86,49.1,47.18,218511.99396
446,2019-03-04,47.87,45.78,48.22,44.57,306985.27977
447,2019-03-05,45.78,52.52,54.25,45.38,798938.10368
448,2019-03-06,52.52,55.37,56.81,51.11,670227.49403
449,2019-03-07,55.37,56.73,59.12,53.77,816612.77049
450,2019-03-08,56.73,55.61,57.6,54.3,440480.65904
451,2019-03-09,55.58,57.78,59.83,55.38,413625.10436
452,2019-03-10,57.78,56.59,58.04,55.84,198932.23727
453,2019-03-11,56.63,54.82,57.37,54.0,319640.84363
454,2019-03-12,54.82,56.58,56.96,53.72,186798.97334
455,2019-03-13,56.6,55.29,56.84,54.3,234206.35923
456,2019-03-14,55.29,55.94,58.2,51.66,333686.39631
457,2019-03-15,55.94,58.52,59.15,55.94,295307.77677
458,2019-03-16,58.52,61.21,61.97,58.41,375314.79266
459,2019-03-17,61.22,60.47,61.32,59.57,174833.31913
460,2019-03-18,60.47,59.17,62.63,58.2,301146.21398
461,2019-03-19,59.2,59.52,59.96,58.33,221995.59833
462,2019-03-20,59.5,60.27,60.74,56.64,285413.7934
463,2019-03-21,60.29,58.54,60.64,56.98,164946.60535
464,2019-03-22,58.54,59.26,59.6,58.0,184427.33587
465,2019-03-23,59.23,60.89,61.76,58.93,372961.54781
466,2019-03-24,60.88,59.82,60.9,58.84,360926.15706
467,2019-03-25,59.81,59.04,60.7,58.2,216703.66968
468,2019-03-26,59.06,58.79,59.35,57.23,175752.00925
469,2019-03-27,58.81,61.44,61.87,58.58,260971.73061
470,2019-03-28,61.43,60.5,61.43,60.15,160785.54618
471,2019-03-29,60.48,61.45,61.8,60.15,200422.34535
472,2019-03-30,61.41,60.45,61.56,59.59,161304.26128
473,2019-03-31,60.45,60.48,60.72,59.83,120015.86005
474,2019-04-01,60.47,60.45,60.9,59.62,129238.66121
475,2019-04-02,60.45,76.78,78.4,59.95,805505.16575
476,2019-04-03,76.76,85.19,98.5,76.24,1514710.29313
477,2019-04-04,85.02,84.7,89.85,79.85,775702.67217
478,2019-04-05,84.71,88.24,89.85,83.65,366668.99563
479,2019-04-06,88.24,92.21,97.54,85.0,706789.23459
480,2019-04-07,92.23,91.55,95.44,88.74,404878.13429
481,2019-04-08,91.55,88.57,94.0,85.2,439909.33843
482,2019-04-09,88.57,86.17,88.71,82.61,317748.78519
483,2019-04-10,86.19,88.16,91.1,85.91,315727.23676
484,2019-04-11,88.16,78.88,88.45,74.64,663804.98498
485,2019-04-12,78.9,78.47,80.43,75.0,351092.11924
486,2019-04-13,78.43,77.62,81.02,75.51,276710.7109
487,2019-04-14,77.58,83.28,83.6,76.09,242418.41303
488,2019-04-15,83.31,78.07,84.41,75.0,437925.65449
489,2019-04-16,78.06,80.27,81.49,76.88,295134.17728
490,2019-04-17,80.27,78.77,81.5,78.0,232336.81062
491,2019-04-18,78.82,81.68,83.66,78.74,328509.77037
492,2019-04-19,81.67,82.05,83.17,79.48,265365.49383
493,2019-04-20,82.05,81.15,82.69,79.33,209481.54759
494,2019-04-21,81.16,76.65,81.85,72.86,405449.35652
495,2019-04-22,76.61,76.51,77.63,74.9,285737.83886
496,2019-04-23,76.47,73.7,79.29,73.33,408341.22655
497,2019-04-24,73.67,72.85,74.69,69.9,466422.90922
498,2019-04-25,72.85,71.78,74.43,70.6,307408.70386
499,2019-04-26,71.79,73.82,76.5,70.31,345014.87676
500,2019-04-27,73.83,72.23,74.01,71.83,102336.98217
501,2019-04-28,72.24,69.89,72.72,68.95,218635.58959
502,2019-04-29,69.89,67.87,70.37,66.5,203603.18601
503,2019-04-30,67.86,74.32,74.74,67.86,354469.13538
504,2019-05-01,74.31,73.36,75.36,71.78,273831.04765
505,2019-05-02,73.35,73.68,74.42,72.73,289626.45366
506,2019-05-03,73.65,79.22,80.58,73.31,538448.40523
507,2019-05-04,79.26,77.77,82.76,74.54,457004.01484
508,2019-05-05,77.73,75.7,78.16,75.4,236821.31245
509,2019-05-06,75.7,74.94,76.91,71.64,389445.48037
510,2019-05-07,74.95,74.61,78.75,73.4,357677.92795
511,2019-05-08,74.59,74.44,75.5,72.4,206081.78548
512,2019-05-09,74.44,74.19,75.9,72.77,240477.43667
513,2019-05-10,74.18,77.11,79.61,72.66,422915.9252
514,2019-05-11,77.12,86.59,95.0,76.85,909602.12694
515,2019-05-12,86.59,84.73,94.01,83.0,797262.85973
516,2019-05-13,84.71,87.16,92.49,84.1,627311.35573
517,2019-05-14,87.34,91.17,93.61,86.5,644139.06467
518,2019-05-15,91.15,102.02,104.25,89.69,673429.92612
519,2019-05-16,102.03,95.49,107.14,90.73,1179885.10784
520,2019-05-17,95.49,89.76,97.48,84.27,914179.22548
521,2019-05-18,89.76,86.51,90.51,85.11,380542.14297
522,2019-05-19,86.55,94.58,96.81,86.07,584649.51759
523,2019-05-20,94.55,91.1,94.58,87.11,447735.71615
524,2019-05-21,91.1,90.79,93.02,88.83,335538.23309
525,2019-05-22,90.77,87.74,92.04,85.83,308520.29109
526,2019-05-23,87.74,88.61,89.53,84.62,208332.29525
527,2019-05-24,88.67,100.5,103.77,88.01,832985.16125
528,2019-05-25,100.5,102.66,105.07,98.87,519802.9895
529,2019-05-26,102.66,111.0,114.0,97.5,658431.91144
530,2019-05-27,111.03,116.3,121.89,109.94,873684.89847
531,2019-05-28,116.41,114.81,118.22,111.08,399902.25403
532,2019-05-29,114.87,115.06,118.33,108.0,359489.09796
533,2019-05-30,115.03,107.78,120.35,102.4,708618.8245
534,2019-05-31,107.78,114.6,114.93,104.55,487341.72799
535,2019-06-01,114.65,112.35,116.28,110.51,318759.84041
536,2019-06-02,112.34,114.39,116.48,111.25,234192.23299
537,2019-06-03,114.44,105.99,116.2,105.01,441610.78458
538,2019-06-04,105.94,102.2,106.8,98.13,673951.14145
539,2019-06-05,102.2,103.66,105.21,100.11,379894.44483
540,2019-06-06,103.61,111.19,112.07,101.0,488905.21588
541,2019-06-07,111.25,116.71,121.0,109.53,619792.48983
542,2019-06-08,116.74,118.01,119.7,113.5,454621.75369
543,2019-06-09,118.01,114.66,118.94,111.02,425246.36749
544,2019-06-10,114.66,129.15,130.12,112.54,793211.22328
545,2019-06-11,129.19,135.69,138.56,124.85,836034.97354
546,2019-06-12,135.79,135.32,143.19,129.86,1015972.92864
547,2019-06-13,135.32,130.55,136.52,127.92,477007.30523
548,2019-06-14,130.55,132.0,133.03,125.22,460272.62793
549,2019-06-15,132.03,137.54,139.5,132.01,389908.37623
550,2019-06-16,137.51,136.45,138.2,133.15,392560.10493
551,2019-06-17,136.42,133.8,136.82,131.53,302485.50097
552,2019-06-18,133.8,135.22,136.84,128.0,400995.83149
553,2019-06-19,135.25,136.43,139.5,133.5,373850.88301
554,2019-06-20,136.41,135.46,136.75,133.0,236819.61409
555,2019-06-21,135.45,138.28,141.29,131.0,392390.9775
556,2019-06-22,138.3,142.26,145.9,136.01,670112.19411
557,2019-06-23,142.2,137.5,143.34,136.15,273142.66174
558,2019-06-24,137.5,135.77,137.52,132.65,269137.08964
559,2019-06-25,135.78,136.33,138.63,129.75,343042.31826
560,2019-06-26,136.32,132.25,138.5,127.5,659208.45477
561,2019-06-27,132.24,116.01,133.5,111.82,932158.03694
562,2019-06-28,116.02,120.01,122.19,114.49,455587.96464
563,2019-06-29,119.99,133.86,137.0,116.0,650966.5278
564,2019-06-30,133.88,123.25,137.44,120.54,808645.44775
565,2019-07-01,123.22,123.17,127.03,113.82,612063.25919
566,2019-07-02,123.16,118.77,124.0,112.63,469582.087
567,2019-07-03,118.74,121.36,123.15,116.78,365008.0675
568,2019-07-04,121.34,119.61,127.03,118.51,375062.74273
569,2019-07-05,119.64,118.35,120.99,116.22,223608.71264
570,2019-07-06,118.29,118.31,121.8,117.06,153816.69797
571,2019-07-07,118.28,119.48,120.35,117.0,142378.61429
572,2019-07-08,119.48,122.92,125.07,117.77,219116.92194
573,2019-07-09,122.92,119.24,124.08,117.64,233440.12041
574,2019-07-10,119.23,108.31,120.13,102.5,507821.30862
575,2019-07-11,108.29,102.98,108.33,95.21,566917.40666
576,2019-07-12,103.0,104.86,107.02,100.65,204977.52431
577,2019-07-13,104.86,101.03,105.03,97.64,229252.96129
578,2019-07-14,101.06,89.66,101.9,87.58,429594.96949
579,2019-07-15,89.67,90.43,92.99,84.6,382169.24803
580,2019-07-16,90.43,79.61,91.91,76.6,483565.93207
581,2019-07-17,79.62,89.95,94.65,71.0,611125.08258
582,2019-07-18,89.98,101.16,104.5,86.87,609872.10131
583,2019-07-19,101.15,98.23,101.26,94.73,366646.23978
584,2019-07-20,98.25,100.25,105.88,97.42,355926.02335
585,2019-07-21,100.26,99.7,101.41,96.4,247121.43139
586,2019-07-22,99.74,95.31,100.91,91.14,318533.96014
587,2019-07-23,95.31,90.15,95.35,88.62,264516.21574
588,2019-07-24,90.1,94.5,97.45,86.8,355813.0883
589,2019-07-25,94.43,93.22,96.67,91.06,228403.48379
590,2019-07-26,93.23,94.06,94.52,89.83,169220.32033
591,2019-07-27,94.01,88.79,96.09,86.67,250915.24992
592,2019-07-28,88.83,90.0,90.9,83.13,201075.77208
593,2019-07-29,90.0,90.33,92.26,87.48,233655.44074
594,2019-07-30,90.33,90.15,92.71,88.5,166817.93325
595,2019-07-31,90.12,98.76,99.95,89.81,280442.01907
596,2019-08-01,98.77,98.64,100.59,95.23,256621.80027
597,2019-08-02,98.62,94.76,98.77,92.52,284902.02673
598,2019-08-03,94.8,94.17,96.7,93.51,187442.26636
599,2019-08-04,94.15,92.64,94.8,90.11,210063.34433
600,2019-08-05,92.68,96.56,106.77,92.68,708024.73305
601,2019-08-06,96.56,92.99,99.32,91.0,370218.49667
602,2019-08-07,93.05,90.59,94.45,87.36,298275.75612
603,2019-08-08,90.59,90.15,92.75,87.72,227275.85013
604,2019-08-09,90.08,84.24,90.45,82.64,245919.9803
605,2019-08-10,84.25,85.46,87.5,82.27,243663.59097
606,2019-08-11,85.46,89.93,91.57,85.15,196951.40228
607,2019-08-12,89.99,85.79,90.04,85.45,147573.87933
608,2019-08-13,85.79,84.88,86.79,83.26,166783.80957
609,2019-08-14,84.83,75.9,86.32,75.0,310895.4105
610,2019-08-15,75.91,76.25,77.7,74.36,157703.32106
611,2019-08-16,76.24,74.67,76.42,72.34,186709.02728
612,2019-08-17,74.63,72.65,75.35,71.5,131039.84431
613,2019-08-18,72.64,76.25,78.0,71.4,171800.85253
614,2019-08-19,76.31,77.1,78.95,75.36,176507.93997
615,2019-08-20,77.1,75.14,77.3,73.31,130580.76909
616,2019-08-21,75.13,73.27,75.33,70.14,188740.48706
617,2019-08-22,73.18,73.31,74.64,71.0,159575.08558
618,2019-08-23,73.38,75.38,75.92,72.1,138535.90048
619,2019-08-24,75.37,73.32,75.65,71.39,119841.86721
620,2019-08-25,73.32,72.1,74.93,70.56,143368.07877
621,2019-08-26,72.12,73.54,75.46,72.09,186459.72505
622,2019-08-27,73.59,72.9,73.75,72.13,92746.01751
623,2019-08-28,72.88,66.73,73.14,65.0,295837.67734
624,2019-08-29,66.73,63.59,66.77,62.0,206167.47861
625,2019-08-30,63.55,64.17,65.6,62.16,188503.14428
626,2019-08-31,64.18,64.24,65.39,62.25,148167.15877
627,2019-09-01,64.23,65.89,67.21,63.74,160452.85757
628,2019-09-02,65.85,66.92,68.03,64.8,210648.66087
629,2019-09-03,66.92,69.06,71.0,66.47,286130.47957
630,2019-09-04,69.0,67.01,69.24,66.4,219846.1354
631,2019-09-05,67.02,65.23,67.39,64.14,166569.36182
632,2019-09-06,65.24,64.87,68.0,63.54,278618.16432
633,2019-09-07,64.88,68.77,70.57,64.53,305501.47722
634,2019-09-08,68.77,70.36,71.46,68.0,315059.92831
635,2019-09-09,70.36,69.89,71.38,67.73,229275.26659
636,2019-09-10,69.86,70.85,73.1,69.77,315598.33706
637,2019-09-11,70.85,69.8,71.81,68.25,208744.34146
638,2019-09-12,69.8,69.15,70.0,68.3,135570.08885
639,2019-09-13,69.18,68.93,69.58,67.36,156416.29244
640,2019-09-14,68.93,70.5,71.5,68.2,179064.87019
641,2019-09-15,70.49,70.04,71.28,69.5,123157.58776
642,2019-09-16,70.04,72.63,73.67,69.36,267731.58165
643,2019-09-17,72.67,74.04,77.59,72.15,331820.84685
644,2019-09-18,74.06,77.81,80.3,73.98,463500.72712
645,2019-09-19,77.77,76.56,80.9,72.62,516227.12489
646,2019-09-20,76.56,75.05,77.08,72.78,286151.47725
647,2019-09-21,75.06,73.22,75.58,72.06,211641.79197
648,2019-09-22,73.2,72.23,73.22,71.03,219392.15857
649,2019-09-23,72.26,66.54,74.24,61.88,527501.79121
650,2019-09-24,66.54,54.57,67.42,54.07,987995.2338
651,2019-09-25,54.57,57.43,58.34,52.84,781318.26507
652,2019-09-26,57.48,55.19,57.56,50.3,630061.90746
653,2019-09-27,55.17,55.86,56.61,52.61,390379.87374
654,2019-09-28,55.86,55.37,56.16,53.67,258783.39518
655,2019-09-29,55.38,53.82,55.58,52.13,227546.40106
656,2019-09-30,53.84,55.99,56.25,52.46,369529.68787
657,2019-10-01,56.01,55.63,57.6,54.82,333581.15687
658,2019-10-02,55.59,56.23,56.66,55.13,215424.38457
659,2019-10-03,56.28,56.44,57.07,53.62,253310.60723
660,2019-10-04,56.45,56.3,57.5,55.22,247275.45318
661,2019-10-05,56.3,56.69,57.4,55.57,177602.10058
662,2019-10-06,56.69,54.41,56.8,52.73,259829.37559
663,2019-10-07,54.42,57.46,58.65,53.25,314689.40497
664,2019-10-08,57.46,56.94,58.45,56.47,184201.79637
665,2019-10-09,56.92,59.12,60.06,56.6,344098.9067
666,2019-10-10,59.1,57.47,59.33,57.0,215031.29392
667,2019-10-11,57.48,55.85,58.42,55.33,266818.0674
668,2019-10-12,55.85,55.7,56.5,55.41,101685.84465
669,2019-10-13,55.71,56.46,57.69,55.47,157772.38785
670,2019-10-14,56.44,56.83,57.1,55.94,133434.14038
671,2019-10-15,56.83,54.58,57.39,53.4,332451.2139
672,2019-10-16,54.57,52.45,55.39,51.0,299556.40107
673,2019-10-17,52.45,54.94,55.22,51.57,238776.4036
674,2019-10-18,54.95,53.21,55.01,52.19,213517.39011
675,2019-10-19,53.21,53.72,54.16,52.54,152610.00837
676,2019-10-20,53.72,54.85,55.46,52.58,208172.70191
677,2019-10-21,54.85,54.57,55.74,53.67,208464.19325
678,2019-10-22,54.57,53.39,55.09,52.97,159956.49835
679,2019-10-23,53.38,49.5,53.44,47.1,509593.26474
680,2019-10-24,49.48,49.54,50.32,48.3,308330.52196
681,2019-10-25,49.55,56.93,58.7,49.01,761473.61477
682,2019-10-26,56.94,56.71,63.37,54.14,1041416.04901
683,2019-10-27,56.69,59.78,62.85,55.59,661079.75268
684,2019-10-28,59.79,57.7,62.47,57.4,540004.69723
685,2019-10-29,57.7,59.75,60.75,57.65,401424.23907
686,2019-10-30,59.76,57.89,61.05,56.88,341531.28519
687,2019-10-31,57.9,58.29,59.56,57.01,269103.33623
688,2019-11-01,58.29,58.23,58.8,56.68,221222.3294
689,2019-11-02,58.24,58.25,59.19,57.73,150647.4393
690,2019-11-03,58.24,58.29,58.75,57.18,141302.66308
691,2019-11-04,58.29,61.29,62.4,57.87,410380.76551
692,2019-11-05,61.26,63.12,64.15,60.89,527595.77833
693,2019-11-06,63.13,64.11,64.33,62.56,334742.14328
694,2019-11-07,64.11,61.39,64.33,60.27,327504.17073
695,2019-11-08,61.4,60.38,62.49,58.93,347351.93739
696,2019-11-09,60.36,62.04,62.37,60.17,196430.96635
697,2019-11-10,62.04,63.65,66.19,60.8,437892.99669
698,2019-11-11,63.65,61.84,64.33,60.47,409179.59195
699,2019-11-12,61.84,61.42,62.25,59.75,299770.7716
700,2019-11-13,61.45,60.96,62.05,60.27,175581.95546
701,2019-11-14,60.96,59.0,61.1,58.25,289462.24048
702,2019-11-15,59.0,57.6,60.75,56.2,333621.34492
703,2019-11-16,57.61,58.3,58.98,57.14,135649.0746
704,2019-11-17,58.29,59.22,59.97,57.55,190026.97121
705,2019-11-18,59.21,55.81,59.3,54.0,297441.77936
706,2019-11-19,55.8,55.13,56.23,54.2,245040.39116
707,2019-11-20,55.13,54.98,56.16,54.61,224543.3721
708,2019-11-21,54.99,50.61,55.29,48.51,442743.26376
709,2019-11-22,50.61,47.32,51.55,43.58,924579.32624
710,2019-11-23,47.32,48.1,48.53,46.13,301729.20885
711,2019-11-24,48.11,43.86,48.24,43.45,419517.52854
712,2019-11-25,43.87,45.47,47.42,42.04,571324.21757
713,2019-11-26,45.48,46.91,47.57,45.22,310692.28241
714,2019-11-27,46.91,47.7,48.69,44.51,455880.87524
715,2019-11-28,47.69,46.79,48.0,46.01,267853.24107
716,2019-11-29,46.78,48.54,49.33,46.73,301668.56643
717,2019-11-30,48.55,47.21,48.76,46.53,270874.56808
718,2019-12-01,47.21,47.45,48.45,45.5,313486.32183
719,2019-12-02,47.45,45.45,47.57,44.71,302502.05198
720,2019-12-03,45.44,44.75,46.22,44.26,323943.4612
721,2019-12-04,44.76,44.67,46.98,43.69,555313.52753
722,2019-12-05,44.64,44.81,45.21,43.7,444840.89828
723,2019-12-06,44.78,45.28,45.5,44.05,273507.67563
724,2019-12-07,45.26,45.15,46.5,44.94,195130.20296
725,2019-12-08,45.14,45.56,46.2,44.81,131675.58673
726,2019-12-09,45.55,44.45,45.87,44.04,219794.24751
727,2019-12-10,44.45,44.09,44.67,43.6,151332.98482
728,2019-12-11,44.07,43.7,44.46,43.27,134280.00698
729,2019-12-12,43.7,43.65,44.11,42.84,169652.16018
730,2019-12-13,43.65,44.44,44.55,43.43,127935.79567
731,2019-12-14,44.44,43.25,44.67,43.19,121589.21791
732,2019-12-15,43.28,43.44,44.04,42.9,105010.15867
733,2019-12-16,43.46,39.99,43.56,39.02,396847.07159
734,2019-12-17,39.98,36.92,40.13,36.1,648918.38857
735,2019-12-18,36.94,40.79,41.71,35.78,668186.50576
736,2019-12-19,40.79,39.65,41.1,39.06,240386.31479
737,2019-12-20,39.66,40.17,40.41,39.25,151508.47648
738,2019-12-21,40.15,39.67,40.22,39.41,91777.0964
739,2019-12-22,39.67,41.82,42.16,39.62,208763.30093
740,2019-12-23,41.84,40.56,42.67,40.21,288871.46721
741,2019-12-24,40.56,40.34,41.13,39.68,211802.58489
742,2019-12-25,40.33,40.08,40.48,39.38,136397.58244
743,2019-12-26,40.11,40.01,41.73,39.58,198471.3519
744,2019-12-27,39.99,40.95,41.5,39.67,219242.83628
745,2019-12-28,40.96,42.83,43.76,40.91,284295.33296
746,2019-12-29,42.84,43.08,43.76,42.14,337087.7687
747,2019-12-30,43.07,42.38,44.18,41.82,298595.46371
748,2019-12-31,42.36,41.3,43.05,41.0,201549.74137
749,2020-01-01,41.29,41.62,42.08,41.16,110044.87445
750,2020-01-02,41.58,39.43,41.74,39.17,194486.2157
751,2020-01-03,39.44,42.23,42.39,38.77,426771.00676
752,2020-01-04,42.23,42.78,42.9,41.77,248814.62818
753,2020-01-05,42.79,43.3,44.61,42.6,291964.84958
754,2020-01-06,43.29,45.8,46.08,43.16,384930.9909
755,2020-01-07,45.8,46.3,47.03,44.48,493847.10532
756,2020-01-08,46.3,45.35,48.54,44.0,628050.68438
757,2020-01-09,45.35,44.74,45.79,43.9,296221.65692
758,2020-01-10,44.75,49.06,49.72,43.71,729803.12291
759,2020-01-11,49.06,49.3,51.95,47.77,681984.46652
760,2020-01-12,49.32,51.43,51.75,48.78,533583.45808
761,2020-01-13,51.44,49.6,51.6,48.91,382092.95573
762,2020-01-14,49.59,58.39,60.8,49.58,1232536.35364
763,2020-01-15,58.37,58.16,60.33,55.28,720369.64189
764,2020-01-16,58.17,57.56,58.5,54.5,477991.20162
765,2020-01-17,57.56,61.02,63.26,56.72,767514.50323
766,2020-01-18,61.05,59.32,62.5,57.9,498603.84903
767,2020-01-19,59.29,57.6,62.55,55.34,530916.40859
768,2020-01-20,57.59,57.19,58.29,55.84,262316.67258
769,2020-01-21,57.19,57.57,58.09,55.91,216543.72376
770,2020-01-22,57.6,58.33,59.33,57.18,218658.95477
771,2020-01-23,58.33,54.52,58.4,52.42,464982.43026
772,2020-01-24,54.52,54.38,55.41,50.64,550746.21423
773,2020-01-25,54.41,53.25,54.41,51.9,282004.92676
774,2020-01-26,53.26,56.24,56.68,52.8,348355.26494
775,2020-01-27,56.29,58.55,59.65,55.87,504725.67707
776,2020-01-28,58.55,60.52,61.61,57.28,720540.74548
777,2020-01-29,60.54,59.8,62.56,59.4,570079.36355
778,2020-01-30,59.81,67.98,70.22,58.24,1286322.99676
779,2020-01-31,68.0,68.0,70.1,65.37,938256.78346
780,2020-02-01,68.02,70.72,73.0,67.62,952836.8964
781,2020-02-02,70.72,69.93,73.5,67.66,818385.89212
782,2020-02-03,69.93,69.65,73.0,68.45,689182.24855
783,2020-02-04,69.65,68.07,70.5,66.62,487054.42541
784,2020-02-05,68.04,72.59,73.47,67.62,646729.48877
785,2020-02-06,72.59,73.6,75.08,70.91,715147.76142
786,2020-02-07,73.59,74.3,75.48,72.85,542489.66181
787,2020-02-08,74.31,76.56,77.94,71.53,647821.60398
788,2020-02-09,76.56,77.0,78.43,75.0,475670.64062
789,2020-02-10,76.99,74.02,77.48,72.21,709830.62871
790,2020-02-11,73.98,76.46,77.4,72.64,557017.26862
791,2020-02-12,76.45,81.17,82.81,76.44,771544.88292
792,2020-02-13,81.2,80.55,84.32,77.15,1051054.7479
793,2020-02-14,80.55,83.14,83.79,78.61,523491.69506
794,2020-02-15,83.14,76.7,83.5,75.04,704650.11923
795,2020-02-16,76.74,74.67,80.77,67.85,998173.25658
796,2020-02-17,74.66,73.41,75.5,68.51,738054.46975
797,2020-02-18,73.44,77.25,79.09,70.0,713680.23162
798,2020-02-19,77.25,70.61,79.45,67.0,544027.83444
799,2020-02-20,70.61,69.4,72.43,66.1,731293.24627
800,2020-02-21,69.38,73.25,75.25,68.56,627123.84133
801,2020-02-22,73.25,74.79,76.79,72.32,651449.78648
802,2020-02-23,74.8,79.52,80.0,74.66,666132.69507
803,2020-02-24,79.52,75.59,79.76,71.71,936157.25919
804,2020-02-25,75.57,70.98,76.08,69.54,778054.96678
805,2020-02-26,70.98,60.53,72.15,57.41,1523364.69178
806,2020-02-27,60.53,61.77,65.1,57.15,1110493.93153
807,2020-02-28,61.76,59.89,63.39,56.56,1070641.27708
808,2020-02-29,59.88,58.05,61.65,57.84,507036.86245
809,2020-03-01,58.05,57.7,60.28,56.21,633924.91162
810,2020-03-02,57.72,61.42,62.32,57.25,660927.26176
811,2020-03-03,61.42,61.01,62.4,59.4,640940.77457
812,2020-03-04,61.02,60.38,61.78,58.71,424299.86211
813,2020-03-05,60.38,62.06,63.29,60.33,556909.07976
814,2020-03-06,62.06,63.22,63.84,61.18,469519.29565
815,2020-03-07,63.21,60.46,63.89,59.86,444270.53508
816,2020-03-08,60.46,51.0,60.47,50.41,945026.27128
817,2020-03-09,51.02,50.39,52.27,46.57,1426145.50164
818,2020-03-10,50.37,50.26,51.39,48.86,727732.90911
819,2020-03-11,50.24,48.53,50.74,45.47,799984.95798
820,2020-03-12,48.52,29.83,48.76,28.65,2239777.98028
821,2020-03-13,29.83,37.52,39.92,24.0,3435572.20926
822,2020-03-14,37.51,34.4,37.65,33.8,1181175.59196
823,2020-03-15,34.4,36.38,38.73,34.04,1040322.30282
824,2020-03-16,36.37,33.2,36.41,29.29,1624714.37584
825,2020-03-17,33.23,34.07,35.85,32.42,945437.93136
826,2020-03-18,34.06,34.71,34.83,32.28,1044607.75726
827,2020-03-19,34.72,38.9,40.8,34.0,1344406.50235
828,2020-03-20,38.9,38.08,43.69,34.05,1571300.60857
829,2020-03-21,38.07,38.32,39.84,36.21,667452.63396
830,2020-03-22,38.34,35.4,39.69,34.82,714342.7273
831,2020-03-23,35.42,38.94,39.99,34.57,859942.52611
832,2020-03-24,38.93,40.57,40.95,38.21,593656.77335
833,2020-03-25,40.56,39.17,41.04,38.09,577448.88856
834,2020-03-26,39.17,40.41,40.48,38.4,415595.26222
835,2020-03-27,40.41,38.04,41.21,37.73,481643.28173
836,2020-03-28,38.04,38.87,39.43,36.61,624312.49566
837,2020-03-29,38.85,37.11,39.11,36.97,402076.31264
838,2020-03-30,37.11,38.91,39.7,37.1,432738.21921
839,2020-03-31,38.93,39.08,39.32,38.33,378426.95789
840,2020-04-01,39.07,39.23,39.5,37.14,489850.01556
841,2020-04-02,39.23,39.86,42.92,39.0,701573.76921
842,2020-04-03,39.88,40.46,41.26,39.64,463368.1163
843,2020-04-04,40.49,40.71,41.16,39.86,362602.27624
844,2020-04-05,40.74,40.31,41.0,39.86,231112.9573
845,2020-04-06,40.31,45.04,45.09,40.28,721562.2858
846,2020-04-07,45.03,44.77,47.64,43.64,808081.85352
847,2020-04-08,44.79,46.55,47.2,44.27,500059.46495
848,2020-04-09,46.52,46.21,46.86,44.69,401085.47958
849,2020-04-10,46.19,42.25,46.39,40.86,785172.33131
850,2020-04-11,42.28,42.54,43.16,41.43,382360.32132
851,2020-04-12,42.54,42.0,43.58,41.83,499257.03257
852,2020-04-13,41.99,41.22,41.99,39.52,744114.51306
853,2020-04-14,41.2,41.22,41.85,40.47,420837.68832
854,2020-04-15,41.19,39.22,41.75,39.08,460328.1631
855,2020-04-16,39.24,42.53,43.78,37.91,913086.97771
856,2020-04-17,42.52,42.19,43.01,41.61,407623.04587
857,2020-04-18,42.2,44.14,44.43,41.98,497104.94271
858,2020-04-19,44.16,42.23,44.3,41.54,456205.81252
859,2020-04-20,42.23,40.21,43.24,39.55,543840.05683
860,2020-04-21,40.21,40.59,41.34,40.01,346732.08492
861,2020-04-22,40.59,41.8,42.32,40.27,463111.32681
862,2020-04-23,41.81,42.98,43.91,40.94,639336.05312
863,2020-04-24,42.98,44.53,44.99,42.83,623877.17694
864,2020-04-25,44.52,44.38,45.58,43.84,555367.18724
865,2020-04-26,44.38,44.52,45.39,43.75,485605.15593
866,2020-04-27,44.54,44.46,45.23,43.16,443570.66029
867,2020-04-28,44.47,45.69,46.13,43.42,590012.52304
868,2020-04-29,45.69,48.81,49.91,45.64,1198086.90059
869,2020-04-30,48.81,46.33,50.8,45.59,1404189.5332
870,2020-05-01,46.33,47.07,48.27,46.3,499757.96625
