,Date,Open,Close,High,Low,Volume
0,2018-05-04,0.5,0.8899,1.5,0.5,20890213.82
1,2018-05-05,0.8898,0.9028,0.935,0.888,16816165.3
2,2018-05-06,0.9028,0.86483,0.918,0.83774,16002035.8
3,2018-05-07,0.86482,0.8249,0.86886,0.8,17303486.4
4,2018-05-08,0.8249,0.80667,0.84802,0.792,12971303.18
5,2018-05-09,0.80667,0.79481,0.81894,0.7569,13982375.89
6,2018-05-10,0.79481,0.74558,0.80572,0.74085,10136895.73
7,2018-05-11,0.7492,0.6761,0.75602,0.64758,31292480.04
8,2018-05-12,0.67376,0.68522,0.71,0.62519,18181151.11
9,2018-05-13,0.68192,0.72999,0.7501,0.66456,17521261.77
10,2018-05-14,0.72999,0.72694,0.7499,0.68585,21771364.96
11,2018-05-15,0.72695,0.689,0.74892,0.6801,12951988.45
12,2018-05-16,0.689,0.70585,0.712,0.65756,11182432.7
13,2018-05-17,0.70942,0.65849,0.712,0.6482,10070061.14
14,2018-05-18,0.65849,0.67766,0.68255,0.646,10140675.13
15,2018-05-19,0.67698,0.67339,0.69139,0.6611,6854397.75
16,2018-05-20,0.67483,0.6994,0.70659,0.668,8055673.92
17,2018-05-21,0.6994,0.67612,0.705,0.66666,7908213.57
18,2018-05-22,0.67612,0.63782,0.67817,0.635,7567010.71
19,2018-05-23,0.63782,0.59198,0.64488,0.5731,20078062.21
20,2018-05-24,0.59053,0.62814,0.64,0.57617,14214140.1
21,2018-05-25,0.62966,0.60459,0.63391,0.59336,20060607.91
22,2018-05-26,0.60596,0.60852,0.62618,0.59771,25800066.42
23,2018-05-27,0.60907,0.60416,0.648,0.59705,23735080.8
24,2018-05-28,0.60417,0.54689,0.6091,0.5434,29854808.11
25,2018-05-29,0.54689,0.59998,0.60921,0.54303,30948291.22
26,2018-05-30,0.5997,0.60149,0.626,0.58101,31305613.07
27,2018-05-31,0.60051,0.6114,0.62255,0.58829,33579966.89
28,2018-06-01,0.6114,0.62151,0.62428,0.6024,34403361.87
29,2018-06-02,0.62236,0.64269,0.65204,0.61513,37211532.2
30,2018-06-03,0.64285,0.6901,0.69101,0.63862,37142715.53
31,2018-06-04,0.6901,0.65507,0.707,0.6351,48289982.65
32,2018-06-05,0.65508,0.67464,0.686,0.6328,42509387.77
33,2018-06-06,0.67507,0.6741,0.6833,0.653,34326183.79
34,2018-06-07,0.6738,0.67756,0.69,0.67089,35031819.04
35,2018-06-08,0.6777,0.6721,0.68,0.65832,32089604.02
36,2018-06-09,0.67211,0.6574,0.68,0.65514,31323211.84
37,2018-06-10,0.65687,0.58201,0.6585,0.55,47688606.63
38,2018-06-11,0.58202,0.59989,0.6,0.56,23744329.91
39,2018-06-12,0.59901,0.5556,0.5991,0.5415,29332950.65
40,2018-06-13,0.5556,0.52862,0.56124,0.50401,36877773.15
41,2018-06-14,0.52863,0.55769,0.569,0.51934,35000456.5
42,2018-06-15,0.55765,0.53258,0.55927,0.52447,25702497.7
43,2018-06-16,0.53224,0.53275,0.5385,0.51733,26240580.6
44,2018-06-17,0.53232,0.52617,0.5437,0.51999,33461820.8
45,2018-06-18,0.52669,0.5387,0.5535,0.50818,33893328.6
46,2018-06-19,0.53835,0.54834,0.56185,0.5207,28857265.3
47,2018-06-20,0.54833,0.53916,0.55188,0.52065,34683099
48,2018-06-21,0.53919,0.53457,0.549,0.52899,29891909.8
49,2018-06-22,0.5342,0.48216,0.53506,0.46859,41843180.71
50,2018-06-23,0.48287,0.49005,0.49909,0.47333,27230808.7
51,2018-06-24,0.48963,0.47331,0.51,0.43724,41451907.36
52,2018-06-25,0.47418,0.48125,0.4992,0.47123,31726495.2
53,2018-06-26,0.48125,0.453,0.48241,0.4511,17670678
54,2018-06-27,0.45218,0.4701,0.47518,0.44787,29671588.2
55,2018-06-28,0.47042,0.44575,0.47396,0.442,35784353.9
56,2018-06-29,0.4463,0.45321,0.46124,0.42393,37535516.8
57,2018-06-30,0.45346,0.46796,0.48318,0.45312,37495051.8
58,2018-07-01,0.46797,0.46222,0.46989,0.45007,31676174.1
59,2018-07-02,0.46222,0.4899,0.4954,0.452,39873781.8
60,2018-07-03,0.48913,0.4844,0.52,0.47801,44333181.6
61,2018-07-04,0.48469,0.49097,0.508,0.47941,26722886.3
62,2018-07-05,0.49155,0.4769,0.50295,0.46887,30689285.9
63,2018-07-06,0.47772,0.47698,0.48156,0.45747,26805008.7
64,2018-07-07,0.47644,0.48494,0.488,0.46381,28584029.2
65,2018-07-08,0.4852,0.47915,0.48798,0.4751,31480979.3
66,2018-07-09,0.47872,0.473,0.48201,0.47015,26690553.6
67,2018-07-10,0.4728,0.44337,0.47338,0.43866,30651668.1
68,2018-07-11,0.44247,0.44872,0.45134,0.43957,28635928.2
69,2018-07-12,0.449,0.43675,0.44932,0.4236,30380599.5
70,2018-07-13,0.43706,0.43754,0.44509,0.43001,33168644.3
71,2018-07-14,0.43761,0.43864,0.4443,0.431,27141582.3
72,2018-07-15,0.43864,0.44681,0.45004,0.43509,33882949.8
73,2018-07-16,0.44695,0.48173,0.4858,0.4435,41419524.1
74,2018-07-17,0.48173,0.50728,0.52019,0.4665,48166296.2
75,2018-07-18,0.50651,0.48868,0.52525,0.4752,48747453.6
76,2018-07-19,0.48869,0.47687,0.495,0.47125,36600560
77,2018-07-20,0.47703,0.44439,0.4773,0.431,40745516.2
78,2018-07-21,0.4444,0.45506,0.459,0.4346,28483991.4
79,2018-07-22,0.45467,0.44859,0.46409,0.44589,32232347.2
80,2018-07-23,0.44859,0.44499,0.46371,0.44212,30316389.9
81,2018-07-24,0.4452,0.45885,0.4715,0.438,43532211.2
82,2018-07-25,0.45741,0.4598,0.46878,0.45153,42650288.4
83,2018-07-26,0.45983,0.44968,0.46887,0.44538,38041528.4
84,2018-07-27,0.44878,0.4555,0.462,0.444,35252979.8
85,2018-07-28,0.4555,0.45641,0.45887,0.44803,27843347.3
86,2018-07-29,0.45643,0.45315,0.45849,0.45,31188705.5
87,2018-07-30,0.45315,0.44534,0.45621,0.43382,32141597.9
88,2018-07-31,0.44616,0.4353,0.44641,0.4268,31785092.6
89,2018-08-01,0.4353,0.44642,0.46382,0.42671,39833478.3
90,2018-08-02,0.44673,0.42975,0.44888,0.42849,33396468.1
91,2018-08-03,0.43021,0.44033,0.44619,0.4253,44748261.2
92,2018-08-04,0.44097,0.42985,0.445,0.42741,35095397.5
93,2018-08-05,0.42984,0.4345,0.43705,0.42705,34962084.2
94,2018-08-06,0.43437,0.4129,0.43699,0.40127,40578992.9
95,2018-08-07,0.41328,0.37863,0.41567,0.37387,41157252.56
96,2018-08-08,0.37863,0.33171,0.37863,0.31928,72393008.15
97,2018-08-09,0.33197,0.3441,0.35799,0.328,51832840.7
98,2018-08-10,0.3441,0.31897,0.34689,0.31236,39269097.2
99,2018-08-11,0.31897,0.29784,0.32008,0.2874,48724318.7
100,2018-08-12,0.29708,0.29547,0.30938,0.29401,35382260.6
101,2018-08-13,0.29575,0.2743,0.309,0.27127,43767335.34
102,2018-08-14,0.2743,0.2725,0.27732,0.24672,56101899
103,2018-08-15,0.2728,0.28039,0.30234,0.2728,72676585.2
104,2018-08-16,0.28,0.29142,0.30184,0.2755,46325561.5
105,2018-08-17,0.29161,0.3672,0.37506,0.29085,84683658.1
106,2018-08-18,0.36721,0.32829,0.37,0.31039,80106581.6
107,2018-08-19,0.32848,0.34201,0.35281,0.316,63806323.3
108,2018-08-20,0.34201,0.31499,0.35095,0.3128,52378768
109,2018-08-21,0.315,0.33339,0.33799,0.31302,43866930.8
110,2018-08-22,0.33398,0.3185,0.35499,0.31039,65706077.8
111,2018-08-23,0.31849,0.3263,0.32958,0.31306,44849401.1
112,2018-08-24,0.3263,0.32646,0.329,0.31577,43010739.1
113,2018-08-25,0.32647,0.32702,0.332,0.3216,36349187.2
114,2018-08-26,0.32759,0.32276,0.32912,0.318,33496561.2
115,2018-08-27,0.32277,0.33901,0.34062,0.32145,50870196.2
116,2018-08-28,0.339,0.35128,0.35809,0.33423,63583203.6
117,2018-08-29,0.35067,0.34494,0.3556,0.33361,55136625.6
118,2018-08-30,0.34494,0.33518,0.3466,0.32252,43887997.7
119,2018-08-31,0.3347,0.3353,0.349,0.32728,36467734.8
120,2018-09-01,0.3353,0.34699,0.35517,0.33476,49527170.3
121,2018-09-02,0.34698,0.34253,0.34918,0.33,41314287.1
122,2018-09-03,0.34237,0.33493,0.34387,0.333,34536040.9
123,2018-09-04,0.33491,0.33116,0.34157,0.32819,42441830.5
124,2018-09-05,0.33116,0.27889,0.334,0.2772,67385077.8
125,2018-09-06,0.27899,0.30179,0.307,0.2676,71823322.1
126,2018-09-07,0.30182,0.2869,0.30445,0.28092,48139492.1
127,2018-09-08,0.28686,0.27679,0.294,0.26891,41246183.1
128,2018-09-09,0.27665,0.2766,0.2908,0.27,39852343.2
129,2018-09-10,0.27699,0.27,0.28263,0.259,46733069.5
130,2018-09-11,0.27,0.26314,0.276,0.25261,50280138.4
131,2018-09-12,0.26349,0.2699,0.27413,0.25308,46434334.2
132,2018-09-13,0.26959,0.27933,0.28641,0.2676,59569126.9
133,2018-09-14,0.27892,0.27571,0.2867,0.27138,46466958.6
134,2018-09-15,0.2761,0.28031,0.28489,0.27533,33938106.1
135,2018-09-16,0.2803,0.28122,0.28229,0.27351,32576561.4
136,2018-09-17,0.28122,0.2706,0.28373,0.26662,48278145.2
137,2018-09-18,0.2706,0.31897,0.337,0.269,161707328.6
138,2018-09-19,0.31898,0.32679,0.337,0.3109,104736271.2
139,2018-09-20,0.32718,0.44819,0.492,0.32103,273416987.8
140,2018-09-21,0.44877,0.56405,0.8,0.4185,699259999.14
141,2018-09-22,0.56399,0.57368,0.63,0.49094,384055321.9
142,2018-09-23,0.57249,0.5719,0.59975,0.55501,176776991.6
143,2018-09-24,0.5719,0.49358,0.5831,0.48256,220968527.3
144,2018-09-25,0.49235,0.5256,0.549,0.43558,381527240.4
145,2018-09-26,0.52633,0.513,0.57299,0.48364,418985950.3
146,2018-09-27,0.51343,0.54305,0.555,0.50578,195704174.8
147,2018-09-28,0.54305,0.54025,0.55,0.51624,169084867.6
148,2018-09-29,0.54026,0.56876,0.5968,0.52505,216560342.7
149,2018-09-30,0.56875,0.58257,0.62604,0.55744,249779723.5
150,2018-10-01,0.58257,0.5776,0.6059,0.532,268385710.5
151,2018-10-02,0.57734,0.51692,0.58038,0.515,162916775.7
152,2018-10-03,0.51692,0.5293,0.5388,0.50785,170746863.2
153,2018-10-04,0.52982,0.5294,0.54999,0.5257,121125329.6
154,2018-10-05,0.52921,0.5211,0.53331,0.51031,101220917.6
155,2018-10-06,0.52098,0.48964,0.5226,0.46859,141936655.1
156,2018-10-07,0.4893,0.48269,0.49149,0.46666,98985658.4
157,2018-10-08,0.4826,0.49335,0.50449,0.47824,119530087.1
158,2018-10-09,0.49302,0.48199,0.49387,0.47108,87513820.2
159,2018-10-10,0.48171,0.46605,0.48171,0.46066,87026618.7
160,2018-10-11,0.46632,0.38315,0.46632,0.37713,214466238.8
161,2018-10-12,0.38319,0.42071,0.44953,0.37685,182232226.9
162,2018-10-13,0.42071,0.4227,0.432,0.417,73115932
163,2018-10-14,0.42259,0.40994,0.43057,0.40321,82556004.2
164,2018-10-15,0.40951,0.46168,0.52179,0.39771,287232730
165,2018-10-16,0.46183,0.48352,0.48896,0.45554,126629832.4
166,2018-10-17,0.48352,0.48437,0.49818,0.47201,110247010.2
167,2018-10-18,0.48383,0.4675,0.49408,0.456,98622485.8
168,2018-10-19,0.46848,0.46077,0.473,0.458,54642245.2
169,2018-10-20,0.46103,0.46788,0.47293,0.45633,62948221.8
170,2018-10-21,0.46772,0.46458,0.47476,0.4635,48975343.9
171,2018-10-22,0.46458,0.46192,0.46901,0.45475,41455391.5
172,2018-10-23,0.46163,0.47006,0.48649,0.444,58195282.8
173,2018-10-24,0.47005,0.46402,0.478,0.46,36421466.1
174,2018-10-25,0.46401,0.46351,0.4731,0.45688,34586029.5
175,2018-10-26,0.46351,0.46657,0.471,0.45923,38006244.6
176,2018-10-27,0.46657,0.46012,0.4681,0.4576,35912703
177,2018-10-28,0.4601,0.46472,0.46695,0.458,36212879.3
178,2018-10-29,0.46483,0.44506,0.46516,0.4343,48934076.3
179,2018-10-30,0.44554,0.44749,0.455,0.444,28201734.6
180,2018-10-31,0.44734,0.45418,0.46097,0.4375,34928585.5
181,2018-11-01,0.45418,0.46141,0.462,0.4485,28279669.6
182,2018-11-02,0.46137,0.463,0.46899,0.45901,35704076.7
183,2018-11-03,0.46281,0.45713,0.46449,0.45433,28318009.2
184,2018-11-04,0.45706,0.46999,0.47959,0.44955,50696119.7
185,2018-11-05,0.46999,0.5022,0.50644,0.461,76939385.1
186,2018-11-06,0.5022,0.55523,0.56878,0.50053,165152551.2
187,2018-11-07,0.5546,0.5409,0.5555,0.52751,83021151
188,2018-11-08,0.5409,0.49694,0.5468,0.492,91511954.5
189,2018-11-09,0.49713,0.5044,0.5227,0.496,61996751.7
190,2018-11-10,0.50463,0.50956,0.51748,0.5027,33178374.5
191,2018-11-11,0.50941,0.51019,0.51233,0.49764,28362231.8
192,2018-11-12,0.51018,0.5245,0.53499,0.50521,51147716.5
193,2018-11-13,0.52403,0.51736,0.53464,0.51111,66199009.7
194,2018-11-14,0.51817,0.4846,0.52012,0.422,158164446.3
195,2018-11-15,0.48461,0.48931,0.4947,0.4311,176221131
196,2018-11-16,0.48931,0.47765,0.49568,0.46382,114883969.7
197,2018-11-17,0.47805,0.49813,0.505,0.46939,95437797.3
198,2018-11-18,0.49815,0.51611,0.532,0.49537,133560299.2
199,2018-11-19,0.51608,0.4825,0.51695,0.4645,245733373.5
200,2018-11-20,0.48235,0.44285,0.50865,0.4095,325286452.6
201,2018-11-21,0.44285,0.45367,0.46947,0.41933,189645261.1
202,2018-11-22,0.45345,0.42831,0.45785,0.424,91671173.8
203,2018-11-23,0.42766,0.41447,0.44376,0.39674,161040318.2
204,2018-11-24,0.41461,0.37982,0.42878,0.37001,160389596
205,2018-11-25,0.37977,0.382,0.39639,0.32802,322162714.6
206,2018-11-26,0.38186,0.36354,0.39999,0.34625,267557884.2
207,2018-11-27,0.3634,0.365,0.376,0.34634,149919921.1
208,2018-11-28,0.36476,0.39203,0.40319,0.36476,157732401
209,2018-11-29,0.3922,0.38149,0.395,0.37072,106959084.6
210,2018-11-30,0.38148,0.36466,0.38331,0.355,82213339.6
211,2018-12-01,0.36492,0.37205,0.379,0.35617,58583664.8
212,2018-12-02,0.372,0.36963,0.3799,0.366,43193884.2
213,2018-12-03,0.36974,0.34827,0.371,0.34553,57538980.4
214,2018-12-04,0.34827,0.35231,0.36255,0.33913,59867337.7
215,2018-12-05,0.35235,0.3395,0.361,0.338,56281559.4
216,2018-12-06,0.33906,0.30919,0.3455,0.30671,83574815
217,2018-12-07,0.30959,0.30114,0.312,0.2865,128448766.2
218,2018-12-08,0.30114,0.30247,0.325,0.29117,91555422.9
219,2018-12-09,0.30247,0.30914,0.31965,0.2983,63609809.9
220,2018-12-10,0.30944,0.29956,0.31377,0.29424,59077810.9
221,2018-12-11,0.2995,0.29904,0.31,0.29396,52196740
222,2018-12-12,0.29905,0.30463,0.31064,0.2971,48158835.8
223,2018-12-13,0.30463,0.29934,0.30569,0.29558,42978785
224,2018-12-14,0.29916,0.28816,0.3008,0.28312,47556494.8
225,2018-12-15,0.28803,0.28422,0.29149,0.2805,38261672.5
226,2018-12-16,0.28421,0.28669,0.2954,0.28312,43951184.1
227,2018-12-17,0.28669,0.32721,0.337,0.285,129250477.5
228,2018-12-18,0.32721,0.34979,0.3498,0.32149,166459905.1
229,2018-12-19,0.34979,0.34468,0.39265,0.34165,238920130.5
230,2018-12-20,0.34468,0.37228,0.38368,0.339,190801771.6
231,2018-12-21,0.37228,0.35428,0.383,0.34584,141255512.3
232,2018-12-22,0.35405,0.35644,0.36,0.34383,68501560.8
233,2018-12-23,0.35645,0.3669,0.37784,0.35407,83342114.3
234,2018-12-24,0.36691,0.40092,0.45,0.36665,308763465.2
235,2018-12-25,0.40075,0.37598,0.40399,0.36,190479475.6
236,2018-12-26,0.37599,0.37253,0.38942,0.35327,115977475.4
237,2018-12-27,0.37298,0.33368,0.375,0.325,113118482.1
238,2018-12-28,0.3337,0.36997,0.37559,0.32823,133220344.3
239,2018-12-29,0.37017,0.35593,0.37913,0.35103,105406488.5
240,2018-12-30,0.35622,0.36489,0.36578,0.3508,66395531.2
241,2018-12-31,0.36488,0.34849,0.36932,0.3435,70308054.1
242,2019-01-01,0.34864,0.3608,0.36111,0.34533,41061397.6
243,2019-01-02,0.36057,0.36882,0.3745,0.3535,74162520.5
244,2019-01-03,0.3686,0.3524,0.3691,0.34778,61459149.9
245,2019-01-04,0.35255,0.35308,0.358,0.34385,51976479.9
246,2019-01-05,0.35303,0.34851,0.35981,0.345,53463920.9
247,2019-01-06,0.34851,0.36042,0.36446,0.34542,63015691.4
248,2019-01-07,0.36042,0.36022,0.37218,0.35701,70715569
249,2019-01-08,0.36015,0.36073,0.36796,0.3545,67790037.4
250,2019-01-09,0.36073,0.3648,0.36919,0.35775,67288168.8
251,2019-01-10,0.36479,0.32464,0.37963,0.315,182432057.4
252,2019-01-11,0.32464,0.3258,0.33418,0.31559,74955650.2
253,2019-01-12,0.3258,0.32557,0.32977,0.32071,38674176.1
254,2019-01-13,0.32554,0.31132,0.32953,0.30796,56198037.6
255,2019-01-14,0.31139,0.32871,0.33593,0.31115,65175057.4
256,2019-01-15,0.3286,0.3215,0.33176,0.31606,54164499.2
257,2019-01-16,0.32154,0.3257,0.33196,0.3201,48151576.2
258,2019-01-17,0.3258,0.32489,0.3284,0.31926,46482575.6
259,2019-01-18,0.32468,0.32036,0.32548,0.3161,31990322.9
260,2019-01-19,0.32042,0.3267,0.3325,0.31927,43414969.4
261,2019-01-20,0.32672,0.3168,0.32861,0.31089,40593702.6
262,2019-01-21,0.31697,0.31767,0.32163,0.3127,29721620.1
263,2019-01-22,0.31766,0.31762,0.3202,0.30611,51740083.2
264,2019-01-23,0.31762,0.31415,0.31933,0.312,37351681.3
265,2019-01-24,0.31422,0.31593,0.31795,0.31255,27176617.3
266,2019-01-25,0.31584,0.31384,0.31698,0.31,23989294.4
267,2019-01-26,0.314,0.31258,0.31887,0.3119,27927773.9
268,2019-01-27,0.3126,0.30646,0.31409,0.30272,40448660.6
269,2019-01-28,0.30653,0.29223,0.30767,0.28089,86788557
270,2019-01-29,0.29223,0.28693,0.294,0.28126,46228128.9
271,2019-01-30,0.28694,0.32109,0.32646,0.28447,135161854
272,2019-01-31,0.32118,0.30911,0.3358,0.30349,173326720.7
273,2019-02-01,0.3092,0.30624,0.31197,0.295,87742017.5
274,2019-02-02,0.30628,0.3103,0.31377,0.30428,44389361.1
275,2019-02-03,0.31042,0.30219,0.31215,0.289,55823769.6
276,2019-02-04,0.30204,0.29939,0.30566,0.29736,44235957.5
277,2019-02-05,0.29932,0.29972,0.30225,0.29642,53121022
278,2019-02-06,0.29972,0.2894,0.30101,0.28809,60630230.6
279,2019-02-07,0.28934,0.29145,0.29469,0.28913,32936661.6
280,2019-02-08,0.29146,0.31205,0.32129,0.28908,93896197
281,2019-02-09,0.31195,0.31215,0.3164,0.30719,65169202.2
282,2019-02-10,0.31218,0.30988,0.31286,0.29829,65487258
283,2019-02-11,0.30985,0.30255,0.3103,0.30136,41900510.2
284,2019-02-12,0.30243,0.30514,0.30842,0.29625,50915657.1
285,2019-02-13,0.3051,0.30382,0.31373,0.30113,54722420.4
286,2019-02-14,0.30387,0.30081,0.30556,0.29975,38757408.1
287,2019-02-15,0.30082,0.30194,0.30646,0.296,35931398.3
288,2019-02-16,0.30195,0.30077,0.30408,0.2997,31126221.9
289,2019-02-17,0.30084,0.30318,0.308,0.29849,49930873.1
290,2019-02-18,0.3031,0.32194,0.32862,0.30177,172763975.2
291,2019-02-19,0.32188,0.32238,0.34777,0.31807,198102626.4
292,2019-02-20,0.3225,0.3315,0.33476,0.3166,103063793.8
293,2019-02-21,0.33139,0.3207,0.33297,0.31688,74728496.6
294,2019-02-22,0.32064,0.32105,0.32333,0.31352,47070036.8
295,2019-02-23,0.32102,0.33201,0.33395,0.31753,65573265.4
296,2019-02-24,0.33201,0.29757,0.34345,0.29371,168785982.4
297,2019-02-25,0.29757,0.32731,0.33975,0.29672,198793053.8
298,2019-02-26,0.3274,0.31658,0.33502,0.31334,156768298.4
299,2019-02-27,0.31663,0.31067,0.31874,0.30076,86042683.7
300,2019-02-28,0.31054,0.3139,0.31771,0.30602,82235972.7
301,2019-03-01,0.31386,0.31564,0.32354,0.31146,82928007.7
302,2019-03-02,0.31565,0.31382,0.31819,0.30993,49884108
303,2019-03-03,0.31389,0.31114,0.31542,0.308,35107981
304,2019-03-04,0.31115,0.30207,0.31222,0.29728,54554165.3
305,2019-03-05,0.30197,0.31471,0.31787,0.3008,65812161.6
306,2019-03-06,0.31473,0.31629,0.32186,0.3095,69108469.9
307,2019-03-07,0.31628,0.31311,0.31936,0.3124,51060315.9
308,2019-03-08,0.31324,0.30775,0.316,0.305,52311973
309,2019-03-09,0.3078,0.31389,0.319,0.3068,60052162
310,2019-03-10,0.31395,0.31289,0.31705,0.30905,43024192.8
311,2019-03-11,0.31279,0.30992,0.315,0.30658,51679569.6
312,2019-03-12,0.30991,0.31031,0.31204,0.30766,34008792.9
313,2019-03-13,0.3103,0.31332,0.32555,0.30733,78566025.5
314,2019-03-14,0.31345,0.31131,0.31654,0.30585,54311189.1
315,2019-03-15,0.31131,0.31473,0.31678,0.3107,40022943.7
316,2019-03-16,0.31485,0.31868,0.323,0.31465,59414487.2
317,2019-03-17,0.31866,0.3154,0.31892,0.314,33510613.2
318,2019-03-18,0.31546,0.31452,0.32,0.31135,46830749.7
319,2019-03-19,0.31451,0.31594,0.3166,0.3125,37937661.9
320,2019-03-20,0.31581,0.31779,0.32275,0.3115,61071284
321,2019-03-21,0.3178,0.30965,0.31915,0.29,68244170.4
322,2019-03-22,0.30965,0.31041,0.31262,0.30642,40997646.8
323,2019-03-23,0.31041,0.31182,0.31264,0.30883,35555914.1
324,2019-03-24,0.31174,0.30787,0.31186,0.30471,34884060.5
325,2019-03-25,0.30792,0.3031,0.308,0.3,47533457.4
326,2019-03-26,0.30296,0.30302,0.30384,0.294,45108158.9
327,2019-03-27,0.303,0.31012,0.31097,0.30055,55385680.1
328,2019-03-28,0.30986,0.30604,0.31012,0.30418,33354763.4
329,2019-03-29,0.30603,0.30774,0.31042,0.30475,52565413.4
330,2019-03-30,0.30775,0.31107,0.31834,0.30687,66842364.5
331,2019-03-31,0.31092,0.30889,0.31168,0.30718,31804560
332,2019-04-01,0.30889,0.31248,0.31455,0.30739,43573420.6
333,2019-04-02,0.31249,0.3505,0.35571,0.3115,254825056.8
334,2019-04-03,0.3505,0.34022,0.3705,0.32354,317885933
335,2019-04-04,0.34022,0.32996,0.34669,0.325,142045982.4
336,2019-04-05,0.32996,0.3613,0.37999,0.32994,277642035.5
337,2019-04-06,0.36118,0.35264,0.36224,0.3461,127333234.4
338,2019-04-07,0.35267,0.3612,0.367,0.35041,110132996.9
339,2019-04-08,0.36149,0.35568,0.37012,0.34365,128130260.7
340,2019-04-09,0.35558,0.34732,0.35574,0.34385,68738132.8
341,2019-04-10,0.34728,0.35345,0.3578,0.34608,75219953.7
342,2019-04-11,0.3535,0.32705,0.35377,0.3191,141965465.9
343,2019-04-12,0.3271,0.32325,0.3282,0.31391,72144027.4
344,2019-04-13,0.32314,0.32458,0.3359,0.31936,67170066.4
345,2019-04-14,0.32459,0.32762,0.33,0.32121,36641180.9
346,2019-04-15,0.32761,0.31905,0.33184,0.31311,60520268.3
347,2019-04-16,0.31889,0.32379,0.325,0.31541,43657398.1
348,2019-04-17,0.324,0.33436,0.341,0.319,104205590.3
349,2019-04-18,0.33435,0.33533,0.34671,0.33116,89265139.5
350,2019-04-19,0.33525,0.32999,0.33537,0.32606,56599475.8
351,2019-04-20,0.33008,0.32668,0.33241,0.321,50641661.9
352,2019-04-21,0.32673,0.31963,0.32815,0.31356,56724369.4
353,2019-04-22,0.31972,0.32252,0.3306,0.31624,66794738.7
354,2019-04-23,0.32232,0.31807,0.32647,0.31684,54953934
355,2019-04-24,0.31802,0.29963,0.31989,0.2888,117021557.4
356,2019-04-25,0.29971,0.29161,0.30581,0.28455,89489236.1
357,2019-04-26,0.29162,0.3035,0.30491,0.28839,72046167.9
358,2019-04-27,0.3034,0.29928,0.30499,0.2975,32921334.6
359,2019-04-28,0.29942,0.29946,0.30278,0.29535,27792665.6
360,2019-04-29,0.29948,0.29323,0.30161,0.28959,40369249.3
361,2019-04-30,0.29313,0.3087,0.31249,0.29154,79732128.9
362,2019-05-01,0.30855,0.30304,0.31,0.29992,48514885.7
363,2019-05-02,0.30313,0.30205,0.30478,0.30072,33326988.7
364,2019-05-03,0.30206,0.30784,0.31053,0.3003,69197287.9
365,2019-05-04,0.30792,0.30305,0.31856,0.29634,66819936.9
366,2019-05-05,0.30293,0.30044,0.305,0.29892,30103928.8
367,2019-05-06,0.30044,0.30283,0.30751,0.29479,51001442.8
368,2019-05-07,0.30284,0.29819,0.30726,0.29712,57173886.2
369,2019-05-08,0.29843,0.29958,0.30275,0.29567,34177808.2
370,2019-05-09,0.29957,0.29488,0.30198,0.29195,43626389.8
371,2019-05-10,0.29475,0.29881,0.30198,0.29061,49685072.4
372,2019-05-11,0.29877,0.31724,0.3372,0.29801,191745220
373,2019-05-12,0.31703,0.31016,0.32992,0.30233,142010500.4
374,2019-05-13,0.31014,0.32409,0.329,0.30785,135144821.2
375,2019-05-14,0.32385,0.409,0.4362,0.32199,602192165.3
376,2019-05-15,0.409,0.45734,0.467,0.40737,281029374.4
377,2019-05-16,0.45723,0.41876,0.479,0.39334,456302195.7
378,2019-05-17,0.41891,0.38862,0.42394,0.3585,348570589.6
379,2019-05-18,0.38858,0.37183,0.39598,0.3634,147757619.6
380,2019-05-19,0.37178,0.41631,0.42796,0.37,242837597.6
381,2019-05-20,0.41612,0.39636,0.41647,0.37812,186638980.5
382,2019-05-21,0.39629,0.39524,0.40738,0.3853,136551127.7
383,2019-05-22,0.39515,0.37183,0.4111,0.366,163758384.8
384,2019-05-23,0.37171,0.37956,0.38269,0.36091,123020941.9
385,2019-05-24,0.37989,0.38286,0.39375,0.36982,128350309.9
386,2019-05-25,0.38286,0.3852,0.393,0.37941,74444217.1
387,2019-05-26,0.38526,0.40372,0.41368,0.373,96380922
388,2019-05-27,0.40364,0.43331,0.44645,0.399,198385219.3
389,2019-05-28,0.4334,0.44877,0.4611,0.4176,245797208.7
390,2019-05-29,0.44863,0.44307,0.45701,0.42,205712650.4
391,2019-05-30,0.44286,0.41789,0.4735,0.401,347536093.1
392,2019-05-31,0.41809,0.43851,0.4408,0.40614,193230057.5
393,2019-06-01,0.43849,0.42894,0.44169,0.41664,113888226.1
394,2019-06-02,0.42856,0.44396,0.44695,0.42735,102419845.2
395,2019-06-03,0.44396,0.41731,0.465,0.417,235501937.2
396,2019-06-04,0.41739,0.39878,0.41934,0.3836,220369532.7
397,2019-06-05,0.3989,0.4001,0.40597,0.3871,129307000.7
398,2019-06-06,0.39997,0.41937,0.427,0.39024,187115409.8
399,2019-06-07,0.41935,0.41886,0.43003,0.41389,121225704.2
400,2019-06-08,0.41871,0.40699,0.42222,0.4021,77326412.3
401,2019-06-09,0.40699,0.38527,0.41043,0.37,117296911.4
402,2019-06-10,0.38528,0.3999,0.40346,0.37985,111675278.5
403,2019-06-11,0.39985,0.39192,0.40195,0.38175,75361808.1
404,2019-06-12,0.39209,0.40074,0.402,0.38726,80803548.9
405,2019-06-13,0.40075,0.39876,0.40804,0.3942,76971683.5
406,2019-06-14,0.39872,0.40201,0.40364,0.39025,70743211.6
407,2019-06-15,0.40201,0.4095,0.41213,0.40052,144441080.7
408,2019-06-16,0.40949,0.42703,0.44098,0.40583,179818739.9
409,2019-06-17,0.42701,0.44705,0.46311,0.42181,310680509.3
410,2019-06-18,0.44705,0.42694,0.45499,0.41963,247437564.9
411,2019-06-19,0.42697,0.43406,0.43852,0.42369,95631659.5
412,2019-06-20,0.43426,0.42995,0.43592,0.4198,91377053.5
413,2019-06-21,0.42986,0.4425,0.45,0.42925,115252934.3
414,2019-06-22,0.44262,0.47729,0.50999,0.43752,348224018.7
415,2019-06-23,0.47714,0.47015,0.49298,0.465,162392192.9
416,2019-06-24,0.47015,0.47385,0.47585,0.45,116373926.2
417,2019-06-25,0.47391,0.46809,0.47654,0.455,156717428.9
418,2019-06-26,0.46809,0.46805,0.4968,0.453,287100067.5
419,2019-06-27,0.46773,0.41049,0.47176,0.3951,300234945.9
420,2019-06-28,0.41061,0.4261,0.4272,0.40582,139943710.4
421,2019-06-29,0.426,0.4262,0.43,0.40392,128452215.5
422,2019-06-30,0.42597,0.3962,0.42859,0.3954,118288754.1
423,2019-07-01,0.39637,0.40691,0.42298,0.38804,135870243.9
424,2019-07-02,0.40694,0.39794,0.41125,0.38386,105939905.9
425,2019-07-03,0.39787,0.40456,0.40666,0.3934,78793554.4
426,2019-07-04,0.40458,0.38723,0.4052,0.385,71298699.9
427,2019-07-05,0.38722,0.37881,0.38825,0.37325,71395559.6
428,2019-07-06,0.3787,0.39031,0.4099,0.37826,94972192.3
429,2019-07-07,0.39031,0.39651,0.4007,0.38683,65893195.7
430,2019-07-08,0.39651,0.40073,0.403,0.39114,68579169.6
431,2019-07-09,0.40072,0.39362,0.40725,0.38875,84918198.9
432,2019-07-10,0.39361,0.36154,0.39646,0.34502,140899188
433,2019-07-11,0.36141,0.32875,0.36285,0.31574,168118356.8
434,2019-07-12,0.32888,0.34336,0.34988,0.31968,126888778
435,2019-07-13,0.34336,0.33206,0.34439,0.32359,86057978.8
436,2019-07-14,0.33214,0.30366,0.33549,0.2992,132780312.2
437,2019-07-15,0.30366,0.31287,0.32376,0.29474,160631099.6
438,2019-07-16,0.31287,0.29543,0.32032,0.286,162767430.3
439,2019-07-17,0.29545,0.31032,0.32365,0.29264,159617507.6
440,2019-07-18,0.31032,0.32035,0.327,0.30257,129902403.6
441,2019-07-19,0.32035,0.3188,0.32215,0.30959,68682413.2
442,2019-07-20,0.3187,0.33279,0.34094,0.31818,84000903.4
443,2019-07-21,0.33269,0.33075,0.33501,0.32053,64040258.2
444,2019-07-22,0.33059,0.32111,0.33259,0.3157,64393272.5
445,2019-07-23,0.32135,0.30891,0.32135,0.30572,63905860.1
446,2019-07-24,0.30877,0.31548,0.31905,0.30251,67739907.8
447,2019-07-25,0.31547,0.31335,0.323,0.31117,54892791.7
448,2019-07-26,0.31332,0.32303,0.32514,0.307,55029583.8
449,2019-07-27,0.32303,0.30965,0.32621,0.3054,64056737.5
450,2019-07-28,0.30966,0.31218,0.31478,0.3,42792457.7
451,2019-07-29,0.31217,0.31004,0.31478,0.306,39176999
452,2019-07-30,0.31004,0.31823,0.32213,0.30665,52340164.1
453,2019-07-31,0.31811,0.31959,0.32348,0.3151,48948448.5
454,2019-08-01,0.3195,0.31575,0.3199,0.3114,46026847.5
455,2019-08-02,0.31554,0.31178,0.31785,0.30836,43108296.3
456,2019-08-03,0.3117,0.31596,0.31747,0.31091,39924755.2
457,2019-08-04,0.31595,0.31813,0.32298,0.31181,52990179.1
458,2019-08-05,0.31823,0.32242,0.331,0.31798,86161482
459,2019-08-06,0.32232,0.3116,0.32421,0.308,73359257.9
460,2019-08-07,0.3116,0.31109,0.31688,0.30694,60660819
461,2019-08-08,0.31093,0.30825,0.31204,0.30452,57294619.1
462,2019-08-09,0.30823,0.29649,0.30921,0.2901,57778056.4
463,2019-08-10,0.2965,0.29918,0.30562,0.29237,58253124
464,2019-08-11,0.29907,0.30316,0.30605,0.29501,36131805.2
465,2019-08-12,0.30316,0.3006,0.30536,0.298,26440605.7
466,2019-08-13,0.3006,0.298,0.30129,0.29295,32483448.9
467,2019-08-14,0.29795,0.26353,0.29864,0.243,142518597.1
468,2019-08-15,0.26346,0.26378,0.2707,0.25875,72594115.1
469,2019-08-16,0.26392,0.26047,0.26526,0.25395,66289982.6
470,2019-08-17,0.26029,0.26546,0.26953,0.25648,56461024.9
471,2019-08-18,0.26535,0.2832,0.2919,0.26353,87006862.6
472,2019-08-19,0.28321,0.28202,0.29035,0.27558,69411983.5
473,2019-08-20,0.28195,0.27432,0.28234,0.2696,49280235.2
474,2019-08-21,0.27432,0.26589,0.27448,0.25871,60607962.3
475,2019-08-22,0.26589,0.27039,0.27419,0.26028,58263968.5
476,2019-08-23,0.27038,0.27664,0.27815,0.26727,45140229.6
477,2019-08-24,0.27663,0.27137,0.27726,0.2637,42809616.8
478,2019-08-25,0.27149,0.26954,0.27602,0.26597,45191941.2
479,2019-08-26,0.26961,0.27051,0.27969,0.26704,59046898.9
480,2019-08-27,0.27051,0.26954,0.27065,0.26513,34119040.9
481,2019-08-28,0.26955,0.25629,0.26974,0.24765,55448237.7
482,2019-08-29,0.25614,0.25698,0.26264,0.247,74454641.4
483,2019-08-30,0.25712,0.25539,0.2576,0.25199,46587713
484,2019-08-31,0.25541,0.25747,0.26047,0.25288,36321425.5
485,2019-09-01,0.25747,0.25593,0.25891,0.25,32881805.2
486,2019-09-02,0.25596,0.2606,0.26428,0.25295,60783394.6
487,2019-09-03,0.2606,0.26242,0.267,0.25751,56305107.1
488,2019-09-04,0.26252,0.25843,0.26299,0.25598,49398294.2
489,2019-09-05,0.25843,0.25617,0.25937,0.25337,43270120.3
490,2019-09-06,0.25616,0.2511,0.25868,0.24692,63377736.5
491,2019-09-07,0.25115,0.25993,0.26285,0.25009,53971229
492,2019-09-08,0.25989,0.26205,0.26591,0.2555,65033003.6
493,2019-09-09,0.26205,0.25855,0.26423,0.25634,58537945.7
494,2019-09-10,0.25869,0.25859,0.26371,0.2535,61643971.4
495,2019-09-11,0.25855,0.25519,0.26092,0.251,56043242.1
496,2019-09-12,0.25515,0.25406,0.25686,0.25087,58547444.6
497,2019-09-13,0.25404,0.2552,0.256,0.25132,47599708.2
498,2019-09-14,0.25536,0.26124,0.26551,0.25389,70537163.6
499,2019-09-15,0.26125,0.26022,0.26419,0.25386,51661196.3
500,2019-09-16,0.26015,0.26098,0.263,0.25664,44531031.7
501,2019-09-17,0.26103,0.28561,0.2985,0.25944,217381018.1
502,2019-09-18,0.28553,0.31344,0.32631,0.28493,300972127.9
503,2019-09-19,0.31344,0.30062,0.31345,0.28208,277316439.7
504,2019-09-20,0.30064,0.2936,0.30159,0.2835,159272561.6
505,2019-09-21,0.2936,0.28961,0.298,0.28625,113934352.2
506,2019-09-22,0.28964,0.27653,0.28982,0.2686,117475940.3
507,2019-09-23,0.27656,0.26786,0.28666,0.26601,154408602.2
508,2019-09-24,0.26787,0.23282,0.27317,0.21333,302577184.1
509,2019-09-25,0.23282,0.2457,0.24953,0.23132,169757552.3
510,2019-09-26,0.24567,0.2422,0.25,0.22775,125772838.7
511,2019-09-27,0.2423,0.24208,0.248,0.23296,89138447.6
512,2019-09-28,0.24209,0.24163,0.24433,0.238,45238244.9
513,2019-09-29,0.24165,0.24024,0.24261,0.23427,43877272.4
514,2019-09-30,0.24024,0.2566,0.26192,0.2354,156913857
515,2019-10-01,0.25659,0.24788,0.261,0.24441,125393526.7
516,2019-10-02,0.24787,0.25247,0.25481,0.24421,97406245.2
517,2019-10-03,0.25248,0.24674,0.25305,0.24159,71409676.9
518,2019-10-04,0.24687,0.25243,0.25664,0.2445,90663663.4
519,2019-10-05,0.2525,0.25325,0.2566,0.24671,82519531.3
520,2019-10-06,0.25325,0.25552,0.25634,0.2506,63421400.1
521,2019-10-07,0.25551,0.27592,0.28114,0.25333,210990372.8
522,2019-10-08,0.27584,0.2774,0.28548,0.27062,121934629.7
523,2019-10-09,0.2774,0.28082,0.28693,0.27358,105865868.2
524,2019-10-10,0.28089,0.27021,0.28168,0.26455,80850590.7
525,2019-10-11,0.27021,0.26743,0.27485,0.26431,71539111.7
526,2019-10-12,0.26741,0.27226,0.27729,0.26712,57869923.4
527,2019-10-13,0.27232,0.27726,0.28138,0.27109,70808721.8
528,2019-10-14,0.27729,0.29727,0.29779,0.27641,151725088
529,2019-10-15,0.29722,0.28859,0.299,0.283,147821843.4
530,2019-10-16,0.28859,0.28331,0.29219,0.27858,109182836.2
531,2019-10-17,0.28334,0.30167,0.3038,0.27969,147918252.3
532,2019-10-18,0.30166,0.29404,0.30207,0.28433,133405177.2
533,2019-10-19,0.29404,0.29145,0.29952,0.287,103575426.6
534,2019-10-20,0.29144,0.29386,0.29615,0.28091,111491956.5
535,2019-10-21,0.29393,0.29187,0.2942,0.28826,71906227.9
536,2019-10-22,0.29186,0.29046,0.30278,0.28862,102870808
537,2019-10-23,0.29041,0.27306,0.29127,0.25005,187716543.6
538,2019-10-24,0.27307,0.27596,0.28,0.26629,99386341.1
539,2019-10-25,0.27597,0.29829,0.3081,0.2742,199230614.5
540,2019-10-26,0.29839,0.29351,0.312,0.284,270708034.1
541,2019-10-27,0.29351,0.29818,0.30213,0.28901,180544647.9
542,2019-10-28,0.29825,0.29447,0.3051,0.29309,134306597.1
543,2019-10-29,0.29443,0.30192,0.30972,0.29416,145791308.2
544,2019-10-30,0.30192,0.29471,0.30636,0.29016,117887579.1
545,2019-10-31,0.29471,0.29452,0.29874,0.28777,100846140.4
546,2019-11-01,0.29459,0.29146,0.2946,0.28448,85376671.8
547,2019-11-02,0.29148,0.29456,0.2975,0.29112,72552309.1
548,2019-11-03,0.29456,0.29024,0.29614,0.28855,69064994.6
549,2019-11-04,0.29024,0.29863,0.2999,0.2891,85410877
550,2019-11-05,0.29863,0.30061,0.30443,0.29416,107569775.1
551,2019-11-06,0.30062,0.31009,0.31367,0.2961,107581885.7
552,2019-11-07,0.31016,0.29061,0.3149,0.27503,235871367.3
553,2019-11-08,0.29068,0.27547,0.291,0.27023,165657651.6
554,2019-11-09,0.27546,0.2799,0.28156,0.2745,62848374.8
555,2019-11-10,0.2799,0.27894,0.284,0.27658,72586430.6
556,2019-11-11,0.27899,0.27423,0.28106,0.26935,69450589.5
557,2019-11-12,0.27423,0.27222,0.27641,0.2676,77851651.4
558,2019-11-13,0.27224,0.27202,0.27563,0.27013,52680673.1
559,2019-11-14,0.27207,0.26795,0.27294,0.26354,72326033.6
560,2019-11-15,0.26795,0.26069,0.26952,0.25303,111865363.4
561,2019-11-16,0.2607,0.26218,0.26444,0.25911,52279882
562,2019-11-17,0.2622,0.26311,0.266,0.25891,52073288.4
563,2019-11-18,0.26316,0.25179,0.26318,0.2411,99156396.1
564,2019-11-19,0.25174,0.25398,0.25654,0.243,87899568.3
565,2019-11-20,0.25398,0.25014,0.25861,0.24809,78924129.3
566,2019-11-21,0.25022,0.24345,0.25349,0.23613,113065484.5
567,2019-11-22,0.24345,0.23,0.2459,0.22122,176993164.6
568,2019-11-23,0.23004,0.23407,0.23541,0.22526,86883225.5
569,2019-11-24,0.23409,0.21989,0.23466,0.21829,95589320.7
570,2019-11-25,0.22011,0.21731,0.225,0.20013,227026861.8
571,2019-11-26,0.2173,0.2206,0.2219,0.21327,87574733.7
572,2019-11-27,0.22054,0.224,0.2295,0.21259,119843833.4
573,2019-11-28,0.22408,0.22313,0.22946,0.22246,58823779.6
574,2019-11-29,0.22312,0.22998,0.23229,0.22245,59986942.5
575,2019-11-30,0.22997,0.2255,0.23192,0.22354,48634883
576,2019-12-01,0.22549,0.22477,0.2255,0.2186,61721844.7
577,2019-12-02,0.22471,0.21914,0.22623,0.21731,65856138.9
578,2019-12-03,0.21904,0.21951,0.22182,0.2178,34655745.6
579,2019-12-04,0.2195,0.2139,0.22491,0.20952,110743259.9
580,2019-12-05,0.21398,0.22118,0.2262,0.212,93382862.7
581,2019-12-06,0.22118,0.22546,0.2268,0.2191,72738701.2
582,2019-12-07,0.22554,0.22699,0.228,0.22281,46945345.8
583,2019-12-08,0.22702,0.22909,0.232,0.2237,54256414.2
584,2019-12-09,0.22913,0.22445,0.23083,0.22113,53369564.5
585,2019-12-10,0.22435,0.22256,0.2256,0.21894,44719099.9
586,2019-12-11,0.22256,0.22093,0.22365,0.21973,26282978.3
587,2019-12-12,0.22103,0.21837,0.22322,0.2164,49354032.6
588,2019-12-13,0.21837,0.22054,0.22074,0.21537,51935733.1
589,2019-12-14,0.22055,0.21605,0.22086,0.21463,31455442.1
590,2019-12-15,0.21605,0.21735,0.21939,0.21463,26223163.5
591,2019-12-16,0.21735,0.2055,0.21747,0.202,86445966.4
592,2019-12-17,0.20547,0.1831,0.20568,0.17754,262505370.5
593,2019-12-18,0.1831,0.19573,0.2,0.175,208259366.7
594,2019-12-19,0.19573,0.1878,0.19706,0.18447,89497528.3
595,2019-12-20,0.1878,0.19521,0.19787,0.18369,142835629.8
596,2019-12-21,0.19508,0.19143,0.19617,0.18993,57760061
597,2019-12-22,0.19134,0.19649,0.19665,0.19045,53300985.1
598,2019-12-23,0.1965,0.18953,0.19974,0.18809,94859486.6
599,2019-12-24,0.18958,0.19077,0.19413,0.18745,66325389.4
600,2019-12-25,0.19069,0.18852,0.19137,0.18633,39672557.2
601,2019-12-26,0.18864,0.18923,0.1941,0.18722,46612594.5
602,2019-12-27,0.18924,0.19003,0.19015,0.1848,34971243.8
603,2019-12-28,0.19003,0.1932,0.19469,0.18969,36743672.9
604,2019-12-29,0.19321,0.19653,0.1985,0.1908,49069370.3
605,2019-12-30,0.19651,0.19326,0.1979,0.19206,41924910.4
606,2019-12-31,0.19327,0.19295,0.19422,0.18988,40610029.3
607,2020-01-01,0.19285,0.19305,0.19526,0.19219,29773022.6
608,2020-01-02,0.19304,0.1875,0.19304,0.18508,47912105.6
609,2020-01-03,0.1875,0.19338,0.19395,0.1845,70390779.3
610,2020-01-04,0.19331,0.19305,0.19363,0.19119,34239655.4
611,2020-01-05,0.19305,0.19453,0.19722,0.19288,54356477.7
612,2020-01-06,0.19453,0.2231,0.22396,0.19421,234157239.2
613,2020-01-07,0.2231,0.21335,0.2255,0.20702,206449580.6
614,2020-01-08,0.21334,0.2075,0.21836,0.20311,148861801.3
615,2020-01-09,0.2075,0.20373,0.20877,0.20126,75492140.5
616,2020-01-10,0.20375,0.21284,0.21318,0.20023,145223181.5
617,2020-01-11,0.21277,0.21121,0.21994,0.20852,119237732.2
618,2020-01-12,0.21121,0.21539,0.21713,0.20941,70711714.4
619,2020-01-13,0.21536,0.21134,0.2156,0.2096,50959156.8
620,2020-01-14,0.21134,0.23464,0.24526,0.21134,301142541.5
621,2020-01-15,0.23455,0.23367,0.24356,0.2263,237606461.8
622,2020-01-16,0.23367,0.229,0.23501,0.2223,140095581.9
623,2020-01-17,0.22899,0.23921,0.24453,0.22659,214368960.7
624,2020-01-18,0.23922,0.24357,0.25456,0.23183,206939203.8
625,2020-01-19,0.24357,0.23558,0.25175,0.227,180887717.9
626,2020-01-20,0.23554,0.23314,0.23672,0.22415,115112776.4
627,2020-01-21,0.23314,0.23726,0.242,0.23,111913129.9
628,2020-01-22,0.23738,0.23733,0.23996,0.23213,84725853.4
629,2020-01-23,0.23733,0.22586,0.23746,0.22123,105762250
630,2020-01-24,0.22584,0.22222,0.2263,0.21378,121855078.5
631,2020-01-25,0.22219,0.21946,0.22271,0.21662,56806347
632,2020-01-26,0.21946,0.23131,0.23276,0.218,79796120
633,2020-01-27,0.23121,0.23077,0.23393,0.2263,102966534.5
634,2020-01-28,0.23078,0.23906,0.24162,0.23077,157599522.5
635,2020-01-29,0.23912,0.23539,0.24197,0.23425,114643264.7
636,2020-01-30,0.23538,0.24376,0.24669,0.23056,162144624
637,2020-01-31,0.24376,0.23946,0.24486,0.2335,122494224.8
638,2020-02-01,0.23947,0.24141,0.24304,0.23684,78963550.6
639,2020-02-02,0.24146,0.25093,0.26163,0.2355,220101966.8
640,2020-02-03,0.25094,0.25453,0.2595,0.24678,168166882.1
641,2020-02-04,0.25447,0.26737,0.271,0.24752,273001224.9
642,2020-02-05,0.26742,0.27774,0.2824,0.26737,309852829.8
643,2020-02-06,0.27782,0.28325,0.28856,0.26778,274932947.3
644,2020-02-07,0.28325,0.27953,0.28832,0.27766,158743853.5
645,2020-02-08,0.27951,0.27735,0.28223,0.2636,164832911.1
646,2020-02-09,0.27731,0.28257,0.28924,0.27622,151863434.1
647,2020-02-10,0.28255,0.27338,0.28322,0.2673,142780388.9
648,2020-02-11,0.27342,0.281,0.2835,0.26738,150202084.8
649,2020-02-12,0.28092,0.30427,0.309,0.28091,358543825.1
650,2020-02-13,0.30427,0.32709,0.34,0.3,684720941.9
651,2020-02-14,0.32718,0.33594,0.33942,0.3104,348251076.6
652,2020-02-15,0.33585,0.30729,0.34676,0.2955,397053085.5
653,2020-02-16,0.30729,0.29224,0.31892,0.27,381819181.7
654,2020-02-17,0.29248,0.28736,0.29511,0.26821,354803561
655,2020-02-18,0.28741,0.29827,0.30273,0.27474,296854594.3
656,2020-02-19,0.29834,0.27466,0.30777,0.27007,219950638.9
657,2020-02-20,0.27466,0.2709,0.28168,0.26109,270623144.6
658,2020-02-21,0.27094,0.27418,0.27898,0.2678,175945123.9
659,2020-02-22,0.27424,0.27468,0.2785,0.27,107040364.2
660,2020-02-23,0.27462,0.28298,0.28467,0.27462,134020545.9
661,2020-02-24,0.28298,0.2704,0.28425,0.26401,184354129.7
662,2020-02-25,0.2703,0.25209,0.271,0.251,209531989.3
663,2020-02-26,0.25218,0.22915,0.25512,0.22271,366105232.9
664,2020-02-27,0.22917,0.2385,0.24722,0.22363,250168249.9
665,2020-02-28,0.23854,0.23663,0.244,0.2285,190843431.7
666,2020-02-29,0.23658,0.22892,0.24244,0.2287,104602134.2
667,2020-03-01,0.22897,0.22696,0.23607,0.22428,125219316.2
668,2020-03-02,0.22699,0.23958,0.24149,0.22582,138299654.6
669,2020-03-03,0.23968,0.23428,0.2397,0.22942,130633902.5
670,2020-03-04,0.23433,0.23453,0.23839,0.23,92570643.5
671,2020-03-05,0.23449,0.23909,0.2432,0.23449,130944711.9
672,2020-03-06,0.23907,0.24477,0.24629,0.23804,116563269.6
673,2020-03-07,0.24475,0.23622,0.245,0.235,95845464.2
674,2020-03-08,0.23624,0.20385,0.23624,0.2,271417418.6
675,2020-03-09,0.20387,0.20952,0.2115,0.19787,288610509.4
676,2020-03-10,0.20946,0.21185,0.21567,0.19979,182259714.8
677,2020-03-11,0.21181,0.20813,0.2138,0.199,178652631.5
678,2020-03-12,0.20824,0.13549,0.20988,0.12798,771225355.4
679,2020-03-13,0.13536,0.15872,0.16614,0.10129,1234550066.8
680,2020-03-14,0.15875,0.14588,0.161,0.14351,317354167.4
681,2020-03-15,0.1459,0.15308,0.16422,0.14449,292888161.2
682,2020-03-16,0.15306,0.14102,0.15338,0.12815,534401535.9
683,2020-03-17,0.1411,0.14694,0.1519,0.13962,317550005.4
684,2020-03-18,0.14691,0.1476,0.14938,0.14001,233087384.9
685,2020-03-19,0.14749,0.1646,0.17257,0.14428,357277613.5
686,2020-03-20,0.16458,0.15695,0.175,0.14504,511513197.8
687,2020-03-21,0.15705,0.15797,0.16196,0.15156,270014080
688,2020-03-22,0.15798,0.14776,0.16178,0.14611,221088260.9
689,2020-03-23,0.14774,0.15854,0.16163,0.14472,282036084.3
690,2020-03-24,0.15853,0.16225,0.16387,0.15689,250519379.8
691,2020-03-25,0.16229,0.16168,0.16524,0.15667,200584719.2
692,2020-03-26,0.1617,0.17593,0.17742,0.15984,206023274.9
693,2020-03-27,0.17591,0.17269,0.18724,0.16936,316147728.4
694,2020-03-28,0.17271,0.17543,0.17984,0.16637,308477933.9
695,2020-03-29,0.1754,0.16278,0.1767,0.16184,187119450.1
696,2020-03-30,0.16279,0.17112,0.17546,0.16242,181804091.3
697,2020-03-31,0.17109,0.17353,0.17789,0.17044,158613778.6
698,2020-04-01,0.17359,0.17494,0.1763,0.16783,184017110.9
699,2020-04-02,0.17497,0.17828,0.1865,0.17384,223398206
700,2020-04-03,0.17828,0.17957,0.18277,0.17568,170663444.5
701,2020-04-04,0.17956,0.18114,0.18365,0.1777,117148787.3
702,2020-04-05,0.18114,0.17925,0.18206,0.17627,83641306.3
703,2020-04-06,0.17927,0.19803,0.19834,0.17917,225433233.4
704,2020-04-07,0.198,0.19285,0.20519,0.18986,271460619
705,2020-04-08,0.19283,0.20192,0.20294,0.19155,154841655
706,2020-04-09,0.20192,0.19829,0.20231,0.1938,104421253.8
707,2020-04-10,0.19826,0.18758,0.19872,0.18119,160752187
708,2020-04-11,0.1876,0.1885,0.19213,0.185,100598265.9
709,2020-04-12,0.18848,0.18939,0.19567,0.18616,129786730.4
710,2020-04-13,0.18932,0.18763,0.18947,0.18011,158956441.4
711,2020-04-14,0.18764,0.18613,0.18931,0.18313,93684121.1
712,2020-04-15,0.18605,0.1805,0.18973,0.18,121466630.1
713,2020-04-16,0.1805,0.19053,0.19399,0.174,220290862.9
714,2020-04-17,0.1905,0.18863,0.19185,0.18618,91976842
715,2020-04-18,0.18863,0.19544,0.19715,0.18838,113765553.3
716,2020-04-19,0.19539,0.18901,0.19638,0.18772,89989794.3
717,2020-04-20,0.18892,0.18151,0.19453,0.17821,174028243
718,2020-04-21,0.18147,0.18341,0.18637,0.18109,111773322.9
719,2020-04-22,0.18342,0.18804,0.18964,0.18202,93916879.3
720,2020-04-23,0.18803,0.1926,0.19951,0.18558,179113808.3
721,2020-04-24,0.19261,0.19325,0.19695,0.19197,113830925.1
722,2020-04-25,0.19327,0.19418,0.19776,0.1916,78779257.1
723,2020-04-26,0.19414,0.19618,0.19775,0.19133,93225699.4
724,2020-04-27,0.1962,0.19747,0.19979,0.19407,104536714.3
725,2020-04-28,0.1975,0.21416,0.21806,0.19459,244843302.1
726,2020-04-29,0.21415,0.22648,0.23075,0.20981,292096742.3
727,2020-04-30,0.22644,0.21135,0.2359,0.20816,314088335.1
728,2020-05-01,0.21135,0.21786,0.22418,0.21117,160339801
